"file_name","local_file","poi_id","cdn_url","reused","content_type","local_size","remote_size","status","error","raw_response"
"POI_NT_0226.mp4","C:\Users\anhnn205\Documents\tool_crawl\backend\app\storage\downloads\videos\food_video\POI_NT_0226.mp4","POI_NT_0226","https://dp4vloz0pttrs.cloudfront.net/uploads/video/8f955f4f922b397dd5dd696cfdd67832230dba9b9454257965804d3734507d2b.mp4","False","video/mp4","3073498","3073498","ok","","{""cdn_url"":""https://dp4vloz0pttrs.cloudfront.net/uploads/video/8f955f4f922b397dd5dd696cfdd67832230dba9b9454257965804d3734507d2b.mp4"",""reused"":false,""content_type"":""video/mp4"",""size"":3073498}"
"POI_NT_0227.mp4","C:\Users\anhnn205\Documents\tool_crawl\backend\app\storage\downloads\videos\food_video\POI_NT_0227.mp4","POI_NT_0227","https://dp4vloz0pttrs.cloudfront.net/uploads/video/6e1a166f17a83eadd125d19cef06df49edc95e78176d7ad8d6109b20a7405312.mp4","False","video/mp4","5015843","5015843","ok","","{""cdn_url"":""https://dp4vloz0pttrs.cloudfront.net/uploads/video/6e1a166f17a83eadd125d19cef06df49edc95e78176d7ad8d6109b20a7405312.mp4"",""reused"":false,""content_type"":""video/mp4"",""size"":5015843}"
"POI_NT_0228.mp4","C:\Users\anhnn205\Documents\tool_crawl\backend\app\storage\downloads\videos\food_video\POI_NT_0228.mp4","POI_NT_0228","https://dp4vloz0pttrs.cloudfront.net/uploads/video/4a3c1560ea684bb19e8ba63925a54d72193c141449807d10680ed186fae4a1c0.mp4","False","video/mp4","4093297","4093297","ok","","{""cdn_url"":""https://dp4vloz0pttrs.cloudfront.net/uploads/video/4a3c1560ea684bb19e8ba63925a54d72193c141449807d10680ed186fae4a1c0.mp4"",""reused"":false,""content_type"":""video/mp4"",""size"":4093297}"
"POI_NT_0229.mp4","C:\Users\anhnn205\Documents\tool_crawl\backend\app\storage\downloads\videos\food_video\POI_NT_0229.mp4","POI_NT_0229","https://dp4vloz0pttrs.cloudfront.net/uploads/video/7f8b2e7f461c7316b9eaa7c1c49790cf206a91347a2baf16f151769ef6ae0573.mp4","False","video/mp4","3620822","3620822","ok","","{""cdn_url"":""https://dp4vloz0pttrs.cloudfront.net/uploads/video/7f8b2e7f461c7316b9eaa7c1c49790cf206a91347a2baf16f151769ef6ae0573.mp4"",""reused"":false,""content_type"":""video/mp4"",""size"":3620822}"
"POI_NT_0247.mp4","C:\Users\anhnn205\Documents\tool_crawl\backend\app\storage\downloads\videos\food_video\POI_NT_0247.mp4","POI_NT_0247","https://dp4vloz0pttrs.cloudfront.net/uploads/video/79e4dd1a35aa62b815162c4edd51a32b71581ddeeca9ca68bc6ece8928375ee8.mp4","False","video/mp4","3103057","3103057","ok","","{""cdn_url"":""https://dp4vloz0pttrs.cloudfront.net/uploads/video/79e4dd1a35aa62b815162c4edd51a32b71581ddeeca9ca68bc6ece8928375ee8.mp4"",""reused"":false,""content_type"":""video/mp4"",""size"":3103057}"
"POI_NT_0253.mp4","C:\Users\anhnn205\Documents\tool_crawl\backend\app\storage\downloads\videos\food_video\POI_NT_0253.mp4","POI_NT_0253","https://dp4vloz0pttrs.cloudfront.net/uploads/video/3f28d98ae1961fa26aa61a6d9b327708aae0af4a1446c73de5b57902d50b4cf4.mp4","False","video/mp4","5097163","5097163","ok","","{""cdn_url"":""https://dp4vloz0pttrs.cloudfront.net/uploads/video/3f28d98ae1961fa26aa61a6d9b327708aae0af4a1446c73de5b57902d50b4cf4.mp4"",""reused"":false,""content_type"":""video/mp4"",""size"":5097163}"
"POI_NT_0300_02.mp4","C:\Users\anhnn205\Documents\tool_crawl\backend\app\storage\downloads\videos\food_video\POI_NT_0300_02.mp4","POI_NT_0300","https://dp4vloz0pttrs.cloudfront.net/uploads/video/c37d76afe4d27c8ee6c389b680c0ab154991232ac6377515eeed1dbe7b988983.mp4","False","video/mp4","14008148","14008148","ok","","{""cdn_url"":""https://dp4vloz0pttrs.cloudfront.net/uploads/video/c37d76afe4d27c8ee6c389b680c0ab154991232ac6377515eeed1dbe7b988983.mp4"",""reused"":false,""content_type"":""video/mp4"",""size"":14008148}"
"POI_NT_0303.mp4","C:\Users\anhnn205\Documents\tool_crawl\backend\app\storage\downloads\videos\food_video\POI_NT_0303.mp4","POI_NT_0303","https://dp4vloz0pttrs.cloudfront.net/uploads/video/c613d11888d9565b1be4afe5535f675b4620df1cbff09cae7159e3cb3e0b5dcd.mp4","False","video/mp4","12594530","12594530","ok","","{""cdn_url"":""https://dp4vloz0pttrs.cloudfront.net/uploads/video/c613d11888d9565b1be4afe5535f675b4620df1cbff09cae7159e3cb3e0b5dcd.mp4"",""reused"":false,""content_type"":""video/mp4"",""size"":12594530}"
"POI_NT_0305_01.mp4","C:\Users\anhnn205\Documents\tool_crawl\backend\app\storage\downloads\videos\food_video\POI_NT_0305_01.mp4","POI_NT_0305","https://dp4vloz0pttrs.cloudfront.net/uploads/video/4c483d7e25f38d09234f5ae15f7d1318820e0b021018ea06a361a67cb5f9b82a.mp4","True","video/mp4","19832815","19832815","ok","","{""cdn_url"":""https://dp4vloz0pttrs.cloudfront.net/uploads/video/4c483d7e25f38d09234f5ae15f7d1318820e0b021018ea06a361a67cb5f9b82a.mp4"",""reused"":true,""content_type"":""video/mp4"",""size"":19832815}"
"POI_NT_0310_03.mp4","C:\Users\anhnn205\Documents\tool_crawl\backend\app\storage\downloads\videos\food_video\POI_NT_0310_03.mp4","POI_NT_0310","https://dp4vloz0pttrs.cloudfront.net/uploads/video/59b74463025e6a8609477bfffc3597d7d36932f7e957d9f3483ecbae062ead15.mp4","False","video/mp4","4143207","4143207","ok","","{""cdn_url"":""https://dp4vloz0pttrs.cloudfront.net/uploads/video/59b74463025e6a8609477bfffc3597d7d36932f7e957d9f3483ecbae062ead15.mp4"",""reused"":false,""content_type"":""video/mp4"",""size"":4143207}"
"POI_NT_0310_04.mp4","C:\Users\anhnn205\Documents\tool_crawl\backend\app\storage\downloads\videos\food_video\POI_NT_0310_04.mp4","POI_NT_0310","https://dp4vloz0pttrs.cloudfront.net/uploads/video/f73663bdee58cfcbb8b85fab72dd21123995bd6f62d6adc73bde48e417565106.mp4","False","video/mp4","1612564","1612564","ok","","{""cdn_url"":""https://dp4vloz0pttrs.cloudfront.net/uploads/video/f73663bdee58cfcbb8b85fab72dd21123995bd6f62d6adc73bde48e417565106.mp4"",""reused"":false,""content_type"":""video/mp4"",""size"":1612564}"
"POI_NT_0312_02.mp4","C:\Users\anhnn205\Documents\tool_crawl\backend\app\storage\downloads\videos\food_video\POI_NT_0312_02.mp4","POI_NT_0312","https://dp4vloz0pttrs.cloudfront.net/uploads/video/964135c2c81b409d174fa4ea82fecc42f97f371351a409532bc63ce01c873ad3.mp4","True","video/mp4","7395055","7395055","ok","","{""cdn_url"":""https://dp4vloz0pttrs.cloudfront.net/uploads/video/964135c2c81b409d174fa4ea82fecc42f97f371351a409532bc63ce01c873ad3.mp4"",""reused"":true,""content_type"":""video/mp4"",""size"":7395055}"
"POI_NT_0313.mp4","C:\Users\anhnn205\Documents\tool_crawl\backend\app\storage\downloads\videos\food_video\POI_NT_0313.mp4","POI_NT_0313","https://dp4vloz0pttrs.cloudfront.net/uploads/video/d54902b0c26d84650f75c7deca3708edea808c6a697160afa6a34a3c2979e57d.mp4","False","video/mp4","8695148","8695148","ok","","{""cdn_url"":""https://dp4vloz0pttrs.cloudfront.net/uploads/video/d54902b0c26d84650f75c7deca3708edea808c6a697160afa6a34a3c2979e57d.mp4"",""reused"":false,""content_type"":""video/mp4"",""size"":8695148}"
"POI_NT_0314.mp4","C:\Users\anhnn205\Documents\tool_crawl\backend\app\storage\downloads\videos\food_video\POI_NT_0314.mp4","POI_NT_0314","https://dp4vloz0pttrs.cloudfront.net/uploads/video/23f2d4bdabec2e549083a88826e1b787e1a63dfb994c13c5a49341c37df04a7c.mp4","False","video/mp4","29177234","29177234","ok","","{""cdn_url"":""https://dp4vloz0pttrs.cloudfront.net/uploads/video/23f2d4bdabec2e549083a88826e1b787e1a63dfb994c13c5a49341c37df04a7c.mp4"",""reused"":false,""content_type"":""video/mp4"",""size"":29177234}"
"POI_NT_0322_02.mp4","C:\Users\anhnn205\Documents\tool_crawl\backend\app\storage\downloads\videos\food_video\POI_NT_0322_02.mp4","POI_NT_0322","https://dp4vloz0pttrs.cloudfront.net/uploads/video/aac521a071cad677593285834eefbc262e0ae5fae5a748632804cc7b53d59ade.mp4","True","video/mp4","4199399","4199399","ok","","{""cdn_url"":""https://dp4vloz0pttrs.cloudfront.net/uploads/video/aac521a071cad677593285834eefbc262e0ae5fae5a748632804cc7b53d59ade.mp4"",""reused"":true,""content_type"":""video/mp4"",""size"":4199399}"
"POI_NT_0330.mp4","C:\Users\anhnn205\Documents\tool_crawl\backend\app\storage\downloads\videos\food_video\POI_NT_0330.mp4","POI_NT_0330","https://dp4vloz0pttrs.cloudfront.net/uploads/video/0d1e618afa6e6c1820de5c30c2a3c1e90c574077eeca75ef5a776f750b5765a5.mp4","False","video/mp4","4928704","4928704","ok","","{""cdn_url"":""https://dp4vloz0pttrs.cloudfront.net/uploads/video/0d1e618afa6e6c1820de5c30c2a3c1e90c574077eeca75ef5a776f750b5765a5.mp4"",""reused"":false,""content_type"":""video/mp4"",""size"":4928704}"
"POI_NT_0332.mp4","C:\Users\anhnn205\Documents\tool_crawl\backend\app\storage\downloads\videos\food_video\POI_NT_0332.mp4","POI_NT_0332","https://dp4vloz0pttrs.cloudfront.net/uploads/video/61ab5270041c66f407f6500059569d17683b3560a77628d9ddb24ec8a688ae8d.mp4","False","video/mp4","17232437","17232437","ok","","{""cdn_url"":""https://dp4vloz0pttrs.cloudfront.net/uploads/video/61ab5270041c66f407f6500059569d17683b3560a77628d9ddb24ec8a688ae8d.mp4"",""reused"":false,""content_type"":""video/mp4"",""size"":17232437}"
"POI_NT_0336_01.mp4","C:\Users\anhnn205\Documents\tool_crawl\backend\app\storage\downloads\videos\food_video\POI_NT_0336_01.mp4","POI_NT_0336","https://dp4vloz0pttrs.cloudfront.net/uploads/video/5a3213b0a9ca888907c066b3fbedd8eeb6c3c53fe683941606b6796dc9dd5ef1.mp4","False","video/mp4","28641785","28641785","ok","","{""cdn_url"":""https://dp4vloz0pttrs.cloudfront.net/uploads/video/5a3213b0a9ca888907c066b3fbedd8eeb6c3c53fe683941606b6796dc9dd5ef1.mp4"",""reused"":false,""content_type"":""video/mp4"",""size"":28641785}"
"POI_NT_0339_01.mp4","C:\Users\anhnn205\Documents\tool_crawl\backend\app\storage\downloads\videos\food_video\POI_NT_0339_01.mp4","POI_NT_0339","https://dp4vloz0pttrs.cloudfront.net/uploads/video/b6ed262f42275f4f5e45ae2f874fa20a26704d6fb27f3d2f1dc5f408e09c6d14.mp4","False","video/mp4","13876046","13876046","ok","","{""cdn_url"":""https://dp4vloz0pttrs.cloudfront.net/uploads/video/b6ed262f42275f4f5e45ae2f874fa20a26704d6fb27f3d2f1dc5f408e09c6d14.mp4"",""reused"":false,""content_type"":""video/mp4"",""size"":13876046}"
"POI_NT_0346.mp4","C:\Users\anhnn205\Documents\tool_crawl\backend\app\storage\downloads\videos\food_video\POI_NT_0346.mp4","POI_NT_0346","https://dp4vloz0pttrs.cloudfront.net/uploads/video/9a467b8a10549d564dae5cfaac6c18e5e51dfed392c1983f24d8637f4be9c22f.mp4","False","video/mp4","3065283","3065283","ok","","{""cdn_url"":""https://dp4vloz0pttrs.cloudfront.net/uploads/video/9a467b8a10549d564dae5cfaac6c18e5e51dfed392c1983f24d8637f4be9c22f.mp4"",""reused"":false,""content_type"":""video/mp4"",""size"":3065283}"
"POI_NT_0351.mp4","C:\Users\anhnn205\Documents\tool_crawl\backend\app\storage\downloads\videos\food_video\POI_NT_0351.mp4","POI_NT_0351","https://dp4vloz0pttrs.cloudfront.net/uploads/video/6de135d1109912cadc4fdd6475f92be866041574418664866721adb1a7c6ee43.mp4","False","video/mp4","16417044","16417044","ok","","{""cdn_url"":""https://dp4vloz0pttrs.cloudfront.net/uploads/video/6de135d1109912cadc4fdd6475f92be866041574418664866721adb1a7c6ee43.mp4"",""reused"":false,""content_type"":""video/mp4"",""size"":16417044}"
"POI_NT_0352_02.mp4","C:\Users\anhnn205\Documents\tool_crawl\backend\app\storage\downloads\videos\food_video\POI_NT_0352_02.mp4","POI_NT_0352","https://dp4vloz0pttrs.cloudfront.net/uploads/video/2eebce78ff0dbe0ee9045329a52b04b8dad747e889f1d68903997d7061f95936.mp4","False","video/mp4","11711270","11711270","ok","","{""cdn_url"":""https://dp4vloz0pttrs.cloudfront.net/uploads/video/2eebce78ff0dbe0ee9045329a52b04b8dad747e889f1d68903997d7061f95936.mp4"",""reused"":false,""content_type"":""video/mp4"",""size"":11711270}"
"POI_NT_0352_03.mp4","C:\Users\anhnn205\Documents\tool_crawl\backend\app\storage\downloads\videos\food_video\POI_NT_0352_03.mp4","POI_NT_0352","https://dp4vloz0pttrs.cloudfront.net/uploads/video/1342cfb324c98dcdfd5b0e1bf045d86f24c37604e12867fbb48dde422f86f016.mp4","False","video/mp4","13036291","13036291","ok","","{""cdn_url"":""https://dp4vloz0pttrs.cloudfront.net/uploads/video/1342cfb324c98dcdfd5b0e1bf045d86f24c37604e12867fbb48dde422f86f016.mp4"",""reused"":false,""content_type"":""video/mp4"",""size"":13036291}"
"POI_NT_0365.mp4","C:\Users\anhnn205\Documents\tool_crawl\backend\app\storage\downloads\videos\food_video\POI_NT_0365.mp4","POI_NT_0365","https://dp4vloz0pttrs.cloudfront.net/uploads/video/e7620834f89785b9617a5cd8f5c5e4fa3236879bde1429a6997a496dcc190dc3.mp4","False","video/mp4","13598108","13598108","ok","","{""cdn_url"":""https://dp4vloz0pttrs.cloudfront.net/uploads/video/e7620834f89785b9617a5cd8f5c5e4fa3236879bde1429a6997a496dcc190dc3.mp4"",""reused"":false,""content_type"":""video/mp4"",""size"":13598108}"
"POI_NT_0368.mp4","C:\Users\anhnn205\Documents\tool_crawl\backend\app\storage\downloads\videos\food_video\POI_NT_0368.mp4","POI_NT_0368","https://dp4vloz0pttrs.cloudfront.net/uploads/video/f44adf4c9073df62b8429529f7f1b33d1a443bb2e8513873a0d5e216805bca38.mp4","False","video/mp4","8356291","8356291","ok","","{""cdn_url"":""https://dp4vloz0pttrs.cloudfront.net/uploads/video/f44adf4c9073df62b8429529f7f1b33d1a443bb2e8513873a0d5e216805bca38.mp4"",""reused"":false,""content_type"":""video/mp4"",""size"":8356291}"
"POI_NT_0380.mp4","C:\Users\anhnn205\Documents\tool_crawl\backend\app\storage\downloads\videos\food_video\POI_NT_0380.mp4","POI_NT_0380","https://dp4vloz0pttrs.cloudfront.net/uploads/video/703de8072c152c2b45bc06bd8b45ea66996de1e64db8c91a01a6c4e8c72eb76f.mp4","False","video/mp4","3148784","3148784","ok","","{""cdn_url"":""https://dp4vloz0pttrs.cloudfront.net/uploads/video/703de8072c152c2b45bc06bd8b45ea66996de1e64db8c91a01a6c4e8c72eb76f.mp4"",""reused"":false,""content_type"":""video/mp4"",""size"":3148784}"
"POI_NT_0383.mp4","C:\Users\anhnn205\Documents\tool_crawl\backend\app\storage\downloads\videos\food_video\POI_NT_0383.mp4","POI_NT_0383","https://dp4vloz0pttrs.cloudfront.net/uploads/video/66eed5b8a9e5954a4012fb6c3091a703f58ce77923735eb7929a9b03ccf0ad85.mp4","False","video/mp4","4752034","4752034","ok","","{""cdn_url"":""https://dp4vloz0pttrs.cloudfront.net/uploads/video/66eed5b8a9e5954a4012fb6c3091a703f58ce77923735eb7929a9b03ccf0ad85.mp4"",""reused"":false,""content_type"":""video/mp4"",""size"":4752034}"
"POI_NT_0384.mp4","C:\Users\anhnn205\Documents\tool_crawl\backend\app\storage\downloads\videos\food_video\POI_NT_0384.mp4","POI_NT_0384","https://dp4vloz0pttrs.cloudfront.net/uploads/video/6fea3b6b6578353c4202999655f004e62b6b1a051c46122429074db7f571c7e6.mp4","False","video/mp4","14486918","14486918","ok","","{""cdn_url"":""https://dp4vloz0pttrs.cloudfront.net/uploads/video/6fea3b6b6578353c4202999655f004e62b6b1a051c46122429074db7f571c7e6.mp4"",""reused"":false,""content_type"":""video/mp4"",""size"":14486918}"
"POI_NT_0387.mp4","C:\Users\anhnn205\Documents\tool_crawl\backend\app\storage\downloads\videos\food_video\POI_NT_0387.mp4","POI_NT_0387","https://dp4vloz0pttrs.cloudfront.net/uploads/video/ddbd95ea7f9e1d832f41e9589642e4ac8ce89af307543be334b0fa89f403b394.mp4","False","video/mp4","23608406","23608406","ok","","{""cdn_url"":""https://dp4vloz0pttrs.cloudfront.net/uploads/video/ddbd95ea7f9e1d832f41e9589642e4ac8ce89af307543be334b0fa89f403b394.mp4"",""reused"":false,""content_type"":""video/mp4"",""size"":23608406}"
"POI_NT_0406.mp4","C:\Users\anhnn205\Documents\tool_crawl\backend\app\storage\downloads\videos\food_video\POI_NT_0406.mp4","POI_NT_0406","https://dp4vloz0pttrs.cloudfront.net/uploads/video/dae11b0fe021c48e9e8b4f49769cae1f43967d896c0a8acfc821c95ec2f4c6aa.mp4","False","video/mp4","12532012","12532012","ok","","{""cdn_url"":""https://dp4vloz0pttrs.cloudfront.net/uploads/video/dae11b0fe021c48e9e8b4f49769cae1f43967d896c0a8acfc821c95ec2f4c6aa.mp4"",""reused"":false,""content_type"":""video/mp4"",""size"":12532012}"
"POI_NT_0411.mp4","C:\Users\anhnn205\Documents\tool_crawl\backend\app\storage\downloads\videos\food_video\POI_NT_0411.mp4","POI_NT_0411","https://dp4vloz0pttrs.cloudfront.net/uploads/video/be1305fa01f2b455dc5f49a983c24808c6106f2a6a3641ef37a4b9e385a36bcf.mp4","False","video/mp4","23682357","23682357","ok","","{""cdn_url"":""https://dp4vloz0pttrs.cloudfront.net/uploads/video/be1305fa01f2b455dc5f49a983c24808c6106f2a6a3641ef37a4b9e385a36bcf.mp4"",""reused"":false,""content_type"":""video/mp4"",""size"":23682357}"
"POI_NT_0418.mp4","C:\Users\anhnn205\Documents\tool_crawl\backend\app\storage\downloads\videos\food_video\POI_NT_0418.mp4","POI_NT_0418","https://dp4vloz0pttrs.cloudfront.net/uploads/video/4c76519cb67ae7e337f35e6b352bf9aa384b1db5fe6b1e825b5c39c2d8bfba50.mp4","False","video/mp4","22167201","22167201","ok","","{""cdn_url"":""https://dp4vloz0pttrs.cloudfront.net/uploads/video/4c76519cb67ae7e337f35e6b352bf9aa384b1db5fe6b1e825b5c39c2d8bfba50.mp4"",""reused"":false,""content_type"":""video/mp4"",""size"":22167201}"
"POI_NT_0423.mp4","C:\Users\anhnn205\Documents\tool_crawl\backend\app\storage\downloads\videos\food_video\POI_NT_0423.mp4","POI_NT_0423","https://dp4vloz0pttrs.cloudfront.net/uploads/video/0ad98e6fa8d20b1f2576005496422d17858e28ddda9402c230fa68b6eb770fa8.mp4","False","video/mp4","20370318","20370318","ok","","{""cdn_url"":""https://dp4vloz0pttrs.cloudfront.net/uploads/video/0ad98e6fa8d20b1f2576005496422d17858e28ddda9402c230fa68b6eb770fa8.mp4"",""reused"":false,""content_type"":""video/mp4"",""size"":20370318}"
"POI_NT_0425.mp4","C:\Users\anhnn205\Documents\tool_crawl\backend\app\storage\downloads\videos\food_video\POI_NT_0425.mp4","POI_NT_0425","https://dp4vloz0pttrs.cloudfront.net/uploads/video/d1d3af8e717f177a1f2f4b223f4e4e429c9ab0984ddec46ce1a8bd39887244ee.mp4","False","video/mp4","9283743","9283743","ok","","{""cdn_url"":""https://dp4vloz0pttrs.cloudfront.net/uploads/video/d1d3af8e717f177a1f2f4b223f4e4e429c9ab0984ddec46ce1a8bd39887244ee.mp4"",""reused"":false,""content_type"":""video/mp4"",""size"":9283743}"
"POI_NT_0425_01.mp4","C:\Users\anhnn205\Documents\tool_crawl\backend\app\storage\downloads\videos\food_video\POI_NT_0425_01.mp4","POI_NT_0425","https://dp4vloz0pttrs.cloudfront.net/uploads/video/523707ac0f2f19b722c084766328948fcb245f4a3ef9f60a206f386fb97db0ab.mp4","False","video/mp4","10219069","10219069","ok","","{""cdn_url"":""https://dp4vloz0pttrs.cloudfront.net/uploads/video/523707ac0f2f19b722c084766328948fcb245f4a3ef9f60a206f386fb97db0ab.mp4"",""reused"":false,""content_type"":""video/mp4"",""size"":10219069}"
"POI_NT_0425_02.mp4","C:\Users\anhnn205\Documents\tool_crawl\backend\app\storage\downloads\videos\food_video\POI_NT_0425_02.mp4","POI_NT_0425","https://dp4vloz0pttrs.cloudfront.net/uploads/video/82bf621d77e22b9a45afa8decd24e536a25e2c90e289a02a46290f7b73ccb1aa.mp4","False","video/mp4","2023491","2023491","ok","","{""cdn_url"":""https://dp4vloz0pttrs.cloudfront.net/uploads/video/82bf621d77e22b9a45afa8decd24e536a25e2c90e289a02a46290f7b73ccb1aa.mp4"",""reused"":false,""content_type"":""video/mp4"",""size"":2023491}"
"POI_NT_0426.mp4","C:\Users\anhnn205\Documents\tool_crawl\backend\app\storage\downloads\videos\food_video\POI_NT_0426.mp4","POI_NT_0426","https://dp4vloz0pttrs.cloudfront.net/uploads/video/4dc94569c30a62a44151a36cdd14abf3d83fe902a5ad0726f37abb8a823f94d5.mp4","False","video/mp4","6464539","6464539","ok","","{""cdn_url"":""https://dp4vloz0pttrs.cloudfront.net/uploads/video/4dc94569c30a62a44151a36cdd14abf3d83fe902a5ad0726f37abb8a823f94d5.mp4"",""reused"":false,""content_type"":""video/mp4"",""size"":6464539}"
"POI_NT_0426_01.mp4","C:\Users\anhnn205\Documents\tool_crawl\backend\app\storage\downloads\videos\food_video\POI_NT_0426_01.mp4","POI_NT_0426","https://dp4vloz0pttrs.cloudfront.net/uploads/video/0e182cf9564b6c01105312bebf37a7b7a2b6b61d5e7e44b7ba55eb162928f253.mp4","False","video/mp4","2386952","2386952","ok","","{""cdn_url"":""https://dp4vloz0pttrs.cloudfront.net/uploads/video/0e182cf9564b6c01105312bebf37a7b7a2b6b61d5e7e44b7ba55eb162928f253.mp4"",""reused"":false,""content_type"":""video/mp4"",""size"":2386952}"
"POI_NT_0431_03.mp4","C:\Users\anhnn205\Documents\tool_crawl\backend\app\storage\downloads\videos\food_video\POI_NT_0431_03.mp4","POI_NT_0431","https://dp4vloz0pttrs.cloudfront.net/uploads/video/0750624e8c4f77670889c243301ccf6f67db813373c80bf1347f34a67a545d17.mp4","False","video/mp4","4802955","4802955","ok","","{""cdn_url"":""https://dp4vloz0pttrs.cloudfront.net/uploads/video/0750624e8c4f77670889c243301ccf6f67db813373c80bf1347f34a67a545d17.mp4"",""reused"":false,""content_type"":""video/mp4"",""size"":4802955}"
"POI_NT_0432_02.mp4","C:\Users\anhnn205\Documents\tool_crawl\backend\app\storage\downloads\videos\food_video\POI_NT_0432_02.mp4","POI_NT_0432","https://dp4vloz0pttrs.cloudfront.net/uploads/video/5040ed06c360c482f234cbee234d7845f05c64f6667edfa306104b847e8c4431.mp4","False","video/mp4","5813849","5813849","ok","","{""cdn_url"":""https://dp4vloz0pttrs.cloudfront.net/uploads/video/5040ed06c360c482f234cbee234d7845f05c64f6667edfa306104b847e8c4431.mp4"",""reused"":false,""content_type"":""video/mp4"",""size"":5813849}"
"POI_NT_0434_01.mp4","C:\Users\anhnn205\Documents\tool_crawl\backend\app\storage\downloads\videos\food_video\POI_NT_0434_01.mp4","POI_NT_0434","https://dp4vloz0pttrs.cloudfront.net/uploads/video/dc14e2772544282076d3f9126059c7b8bf120b423d7e862a601e571e9d7d30af.mp4","False","video/mp4","4208309","4208309","ok","","{""cdn_url"":""https://dp4vloz0pttrs.cloudfront.net/uploads/video/dc14e2772544282076d3f9126059c7b8bf120b423d7e862a601e571e9d7d30af.mp4"",""reused"":false,""content_type"":""video/mp4"",""size"":4208309}"
"POI_NT_0435.mp4","C:\Users\anhnn205\Documents\tool_crawl\backend\app\storage\downloads\videos\food_video\POI_NT_0435.mp4","POI_NT_0435","https://dp4vloz0pttrs.cloudfront.net/uploads/video/774710c3d5417a99baf1723efb27e6562b1cc05719f952b5258d57673873ca02.mp4","False","video/mp4","1099423","1099423","ok","","{""cdn_url"":""https://dp4vloz0pttrs.cloudfront.net/uploads/video/774710c3d5417a99baf1723efb27e6562b1cc05719f952b5258d57673873ca02.mp4"",""reused"":false,""content_type"":""video/mp4"",""size"":1099423}"
"POI_NT_0437_02.mp4","C:\Users\anhnn205\Documents\tool_crawl\backend\app\storage\downloads\videos\food_video\POI_NT_0437_02.mp4","POI_NT_0437","https://dp4vloz0pttrs.cloudfront.net/uploads/video/0425373573a5305db835b7ffcc3b43f312292fe938ba444300fcaf2901bcc55a.mp4","False","video/mp4","20818134","20818134","ok","","{""cdn_url"":""https://dp4vloz0pttrs.cloudfront.net/uploads/video/0425373573a5305db835b7ffcc3b43f312292fe938ba444300fcaf2901bcc55a.mp4"",""reused"":false,""content_type"":""video/mp4"",""size"":20818134}"
"POI_NT_0438.mp4","C:\Users\anhnn205\Documents\tool_crawl\backend\app\storage\downloads\videos\food_video\POI_NT_0438.mp4","POI_NT_0438","https://dp4vloz0pttrs.cloudfront.net/uploads/video/43895322fc513c6e892dc3eb24a672b18506330f70482e6afe2d0ac983f2c625.mp4","False","video/mp4","9761452","9761452","ok","","{""cdn_url"":""https://dp4vloz0pttrs.cloudfront.net/uploads/video/43895322fc513c6e892dc3eb24a672b18506330f70482e6afe2d0ac983f2c625.mp4"",""reused"":false,""content_type"":""video/mp4"",""size"":9761452}"
"POI_NT_0440_01.mp4","C:\Users\anhnn205\Documents\tool_crawl\backend\app\storage\downloads\videos\food_video\POI_NT_0440_01.mp4","POI_NT_0440","https://dp4vloz0pttrs.cloudfront.net/uploads/video/2f74fc1a33be6e7d44c02cc01dc876c106cfbbe797d63262ad3e09c8d1597fa5.mp4","False","video/mp4","8571772","8571772","ok","","{""cdn_url"":""https://dp4vloz0pttrs.cloudfront.net/uploads/video/2f74fc1a33be6e7d44c02cc01dc876c106cfbbe797d63262ad3e09c8d1597fa5.mp4"",""reused"":false,""content_type"":""video/mp4"",""size"":8571772}"
"POI_NT_0443_03.mp4","C:\Users\anhnn205\Documents\tool_crawl\backend\app\storage\downloads\videos\food_video\POI_NT_0443_03.mp4","POI_NT_0443","https://dp4vloz0pttrs.cloudfront.net/uploads/video/26dc4c6b730ed872a79c8b90e6daad407396b7b06396eb8f60d2b8478325ff15.mp4","False","video/mp4","11653868","11653868","ok","","{""cdn_url"":""https://dp4vloz0pttrs.cloudfront.net/uploads/video/26dc4c6b730ed872a79c8b90e6daad407396b7b06396eb8f60d2b8478325ff15.mp4"",""reused"":false,""content_type"":""video/mp4"",""size"":11653868}"
"POI_NT_0443_04.mp4","C:\Users\anhnn205\Documents\tool_crawl\backend\app\storage\downloads\videos\food_video\POI_NT_0443_04.mp4","POI_NT_0443","https://dp4vloz0pttrs.cloudfront.net/uploads/video/3e779d53f55a8e39db682682a268061d7efb8f8bcc80b05c2b7fd6cf3f507f05.mp4","False","video/mp4","13932252","13932252","ok","","{""cdn_url"":""https://dp4vloz0pttrs.cloudfront.net/uploads/video/3e779d53f55a8e39db682682a268061d7efb8f8bcc80b05c2b7fd6cf3f507f05.mp4"",""reused"":false,""content_type"":""video/mp4"",""size"":13932252}"
"POI_NT_0444.mp4","C:\Users\anhnn205\Documents\tool_crawl\backend\app\storage\downloads\videos\food_video\POI_NT_0444.mp4","POI_NT_0444","https://dp4vloz0pttrs.cloudfront.net/uploads/video/f5908916974f1ccb9e783df5623268926704fdc664a0dcaf3024cef634e87b42.mp4","False","video/mp4","3622048","3622048","ok","","{""cdn_url"":""https://dp4vloz0pttrs.cloudfront.net/uploads/video/f5908916974f1ccb9e783df5623268926704fdc664a0dcaf3024cef634e87b42.mp4"",""reused"":false,""content_type"":""video/mp4"",""size"":3622048}"
"POI_NT_0446_01.mp4","C:\Users\anhnn205\Documents\tool_crawl\backend\app\storage\downloads\videos\food_video\POI_NT_0446_01.mp4","POI_NT_0446","https://dp4vloz0pttrs.cloudfront.net/uploads/video/6c53b4422ad082504e917448a480e4a2843b7aedc3e601f297d8e3c832d503c0.mp4","False","video/mp4","16066770","16066770","ok","","{""cdn_url"":""https://dp4vloz0pttrs.cloudfront.net/uploads/video/6c53b4422ad082504e917448a480e4a2843b7aedc3e601f297d8e3c832d503c0.mp4"",""reused"":false,""content_type"":""video/mp4"",""size"":16066770}"
"POI_NT_0449.mp4","C:\Users\anhnn205\Documents\tool_crawl\backend\app\storage\downloads\videos\food_video\POI_NT_0449.mp4","POI_NT_0449","https://dp4vloz0pttrs.cloudfront.net/uploads/video/02422150d883ce029f819fe78c59e71dab01f042feaa8763fa8d8a5d83c7e79a.mp4","False","video/mp4","27333189","27333189","ok","","{""cdn_url"":""https://dp4vloz0pttrs.cloudfront.net/uploads/video/02422150d883ce029f819fe78c59e71dab01f042feaa8763fa8d8a5d83c7e79a.mp4"",""reused"":false,""content_type"":""video/mp4"",""size"":27333189}"
"POI_NT_0450.mp4","C:\Users\anhnn205\Documents\tool_crawl\backend\app\storage\downloads\videos\food_video\POI_NT_0450.mp4","POI_NT_0450","https://dp4vloz0pttrs.cloudfront.net/uploads/video/1a3b091830963abd4d25daab07c4b280e8dee2e93ef2a895487cd823e973796c.mp4","False","video/mp4","9999638","9999638","ok","","{""cdn_url"":""https://dp4vloz0pttrs.cloudfront.net/uploads/video/1a3b091830963abd4d25daab07c4b280e8dee2e93ef2a895487cd823e973796c.mp4"",""reused"":false,""content_type"":""video/mp4"",""size"":9999638}"
"POI_NT_0450_01.mp4","C:\Users\anhnn205\Documents\tool_crawl\backend\app\storage\downloads\videos\food_video\POI_NT_0450_01.mp4","POI_NT_0450","https://dp4vloz0pttrs.cloudfront.net/uploads/video/9a86eaa7f066d0dfc3327bab3b999d362f40138f7d651ff210f783101765cf14.mp4","False","video/mp4","4109090","4109090","ok","","{""cdn_url"":""https://dp4vloz0pttrs.cloudfront.net/uploads/video/9a86eaa7f066d0dfc3327bab3b999d362f40138f7d651ff210f783101765cf14.mp4"",""reused"":false,""content_type"":""video/mp4"",""size"":4109090}"
"POI_NT_0450_02.mp4","C:\Users\anhnn205\Documents\tool_crawl\backend\app\storage\downloads\videos\food_video\POI_NT_0450_02.mp4","POI_NT_0450","https://dp4vloz0pttrs.cloudfront.net/uploads/video/dc342d01fd19aa9c49e24da3ee4b3b485b290cd5eb3f6ec04dcc80d887ea5c05.mp4","False","video/mp4","19698947","19698947","ok","","{""cdn_url"":""https://dp4vloz0pttrs.cloudfront.net/uploads/video/dc342d01fd19aa9c49e24da3ee4b3b485b290cd5eb3f6ec04dcc80d887ea5c05.mp4"",""reused"":false,""content_type"":""video/mp4"",""size"":19698947}"
"POI_NT_0453_02.mp4","C:\Users\anhnn205\Documents\tool_crawl\backend\app\storage\downloads\videos\food_video\POI_NT_0453_02.mp4","POI_NT_0453","https://dp4vloz0pttrs.cloudfront.net/uploads/video/488a1566d790ce34944efbdd9cd808cf54d36fca561da57302aa011d0c67e819.mp4","False","video/mp4","7708056","7708056","ok","","{""cdn_url"":""https://dp4vloz0pttrs.cloudfront.net/uploads/video/488a1566d790ce34944efbdd9cd808cf54d36fca561da57302aa011d0c67e819.mp4"",""reused"":false,""content_type"":""video/mp4"",""size"":7708056}"
"POI_NT_0454.mp4","C:\Users\anhnn205\Documents\tool_crawl\backend\app\storage\downloads\videos\food_video\POI_NT_0454.mp4","POI_NT_0454","https://dp4vloz0pttrs.cloudfront.net/uploads/video/c7379f32f821447331ad63b790a25badb114e2a00f6bd32db8e7ac88c8b1eb81.mp4","False","video/mp4","14251012","14251012","ok","","{""cdn_url"":""https://dp4vloz0pttrs.cloudfront.net/uploads/video/c7379f32f821447331ad63b790a25badb114e2a00f6bd32db8e7ac88c8b1eb81.mp4"",""reused"":false,""content_type"":""video/mp4"",""size"":14251012}"
"POI_NT_0455.mp4","C:\Users\anhnn205\Documents\tool_crawl\backend\app\storage\downloads\videos\food_video\POI_NT_0455.mp4","POI_NT_0455","https://dp4vloz0pttrs.cloudfront.net/uploads/video/2847ae17e48723e4a2917ed39e2473d67d8d2de591139a4ec88b9481ab6fbdde.mp4","False","video/mp4","23314216","23314216","ok","","{""cdn_url"":""https://dp4vloz0pttrs.cloudfront.net/uploads/video/2847ae17e48723e4a2917ed39e2473d67d8d2de591139a4ec88b9481ab6fbdde.mp4"",""reused"":false,""content_type"":""video/mp4"",""size"":23314216}"
"POI_NT_0457_01.mp4","C:\Users\anhnn205\Documents\tool_crawl\backend\app\storage\downloads\videos\food_video\POI_NT_0457_01.mp4","POI_NT_0457","https://dp4vloz0pttrs.cloudfront.net/uploads/video/16691b9c35d4f8113c7cdc9cd78b9550e37aba438ed03b2478fb5772a09b2a4a.mp4","False","video/mp4","6108780","6108780","ok","","{""cdn_url"":""https://dp4vloz0pttrs.cloudfront.net/uploads/video/16691b9c35d4f8113c7cdc9cd78b9550e37aba438ed03b2478fb5772a09b2a4a.mp4"",""reused"":false,""content_type"":""video/mp4"",""size"":6108780}"
"POI_NT_0460.mp4","C:\Users\anhnn205\Documents\tool_crawl\backend\app\storage\downloads\videos\food_video\POI_NT_0460.mp4","POI_NT_0460","https://dp4vloz0pttrs.cloudfront.net/uploads/video/0772d2efb80ed33b223d3413c343d4c95de306864aacb37346eace2dcfa2cb8e.mp4","False","video/mp4","19005537","19005537","ok","","{""cdn_url"":""https://dp4vloz0pttrs.cloudfront.net/uploads/video/0772d2efb80ed33b223d3413c343d4c95de306864aacb37346eace2dcfa2cb8e.mp4"",""reused"":false,""content_type"":""video/mp4"",""size"":19005537}"
"POI_NT_0460_01.mp4","C:\Users\anhnn205\Documents\tool_crawl\backend\app\storage\downloads\videos\food_video\POI_NT_0460_01.mp4","POI_NT_0460","https://dp4vloz0pttrs.cloudfront.net/uploads/video/23d2876747060c68dac518710f1a2a832472f8b28af324b6adad9d3b48ee715a.mp4","False","video/mp4","20743032","20743032","ok","","{""cdn_url"":""https://dp4vloz0pttrs.cloudfront.net/uploads/video/23d2876747060c68dac518710f1a2a832472f8b28af324b6adad9d3b48ee715a.mp4"",""reused"":false,""content_type"":""video/mp4"",""size"":20743032}"
"POI_NT_0461.mp4","C:\Users\anhnn205\Documents\tool_crawl\backend\app\storage\downloads\videos\food_video\POI_NT_0461.mp4","POI_NT_0461","https://dp4vloz0pttrs.cloudfront.net/uploads/video/e3809086f1eb72e88249ca9e98c8f20377d927319a743ee68b703598f95250c0.mp4","False","video/mp4","16442090","16442090","ok","","{""cdn_url"":""https://dp4vloz0pttrs.cloudfront.net/uploads/video/e3809086f1eb72e88249ca9e98c8f20377d927319a743ee68b703598f95250c0.mp4"",""reused"":false,""content_type"":""video/mp4"",""size"":16442090}"
"POI_NT_0463.mp4","C:\Users\anhnn205\Documents\tool_crawl\backend\app\storage\downloads\videos\food_video\POI_NT_0463.mp4","POI_NT_0463","https://dp4vloz0pttrs.cloudfront.net/uploads/video/6d26fcbd85a51ec3e86b44d970fcace07a930040deb30f8af281bddaf64ee83a.mp4","False","video/mp4","18652787","18652787","ok","","{""cdn_url"":""https://dp4vloz0pttrs.cloudfront.net/uploads/video/6d26fcbd85a51ec3e86b44d970fcace07a930040deb30f8af281bddaf64ee83a.mp4"",""reused"":false,""content_type"":""video/mp4"",""size"":18652787}"
"POI_NT_0463_01.mp4","C:\Users\anhnn205\Documents\tool_crawl\backend\app\storage\downloads\videos\food_video\POI_NT_0463_01.mp4","POI_NT_0463","https://dp4vloz0pttrs.cloudfront.net/uploads/video/5b87e181041d836ee660919efe4f67e913f480d2dcebcaf66b1746b1af90b40a.mp4","False","video/mp4","9285465","9285465","ok","","{""cdn_url"":""https://dp4vloz0pttrs.cloudfront.net/uploads/video/5b87e181041d836ee660919efe4f67e913f480d2dcebcaf66b1746b1af90b40a.mp4"",""reused"":false,""content_type"":""video/mp4"",""size"":9285465}"
"POI_NT_0463_02.mp4","C:\Users\anhnn205\Documents\tool_crawl\backend\app\storage\downloads\videos\food_video\POI_NT_0463_02.mp4","POI_NT_0463","https://dp4vloz0pttrs.cloudfront.net/uploads/video/ffad8e1cae2f1978370c986f1ad5c7196b1f846de296008df6f717e98d6d8421.mp4","False","video/mp4","9369401","9369401","ok","","{""cdn_url"":""https://dp4vloz0pttrs.cloudfront.net/uploads/video/ffad8e1cae2f1978370c986f1ad5c7196b1f846de296008df6f717e98d6d8421.mp4"",""reused"":false,""content_type"":""video/mp4"",""size"":9369401}"
"POI_NT_0464.mp4","C:\Users\anhnn205\Documents\tool_crawl\backend\app\storage\downloads\videos\food_video\POI_NT_0464.mp4","POI_NT_0464","https://dp4vloz0pttrs.cloudfront.net/uploads/video/1edf1bb6bcbe9a3d6f45896e95fd4869fad23e691600d2e74b0b9beb46a415bb.mp4","False","video/mp4","25494971","25494971","ok","","{""cdn_url"":""https://dp4vloz0pttrs.cloudfront.net/uploads/video/1edf1bb6bcbe9a3d6f45896e95fd4869fad23e691600d2e74b0b9beb46a415bb.mp4"",""reused"":false,""content_type"":""video/mp4"",""size"":25494971}"
"POI_NT_0465.mp4","C:\Users\anhnn205\Documents\tool_crawl\backend\app\storage\downloads\videos\food_video\POI_NT_0465.mp4","POI_NT_0465","https://dp4vloz0pttrs.cloudfront.net/uploads/video/7185027604d29cc4a441cf4f87c454c9e90003496e2b7521ba97ba10afa83591.mp4","False","video/mp4","3702907","3702907","ok","","{""cdn_url"":""https://dp4vloz0pttrs.cloudfront.net/uploads/video/7185027604d29cc4a441cf4f87c454c9e90003496e2b7521ba97ba10afa83591.mp4"",""reused"":false,""content_type"":""video/mp4"",""size"":3702907}"
"POI_NT_0466.mp4","C:\Users\anhnn205\Documents\tool_crawl\backend\app\storage\downloads\videos\food_video\POI_NT_0466.mp4","POI_NT_0466","https://dp4vloz0pttrs.cloudfront.net/uploads/video/c1390853472f5b7efaa3f5027e778f1b7e85d481e45e257778adac3b97f522c6.mp4","False","video/mp4","25937831","25937831","ok","","{""cdn_url"":""https://dp4vloz0pttrs.cloudfront.net/uploads/video/c1390853472f5b7efaa3f5027e778f1b7e85d481e45e257778adac3b97f522c6.mp4"",""reused"":false,""content_type"":""video/mp4"",""size"":25937831}"
"POI_NT_0467.mp4","C:\Users\anhnn205\Documents\tool_crawl\backend\app\storage\downloads\videos\food_video\POI_NT_0467.mp4","POI_NT_0467","https://dp4vloz0pttrs.cloudfront.net/uploads/video/8fcaca7a7c402c716a00bd8684c8d9db8b7ade2f9979123173648412589463c4.mp4","False","video/mp4","19803590","19803590","ok","","{""cdn_url"":""https://dp4vloz0pttrs.cloudfront.net/uploads/video/8fcaca7a7c402c716a00bd8684c8d9db8b7ade2f9979123173648412589463c4.mp4"",""reused"":false,""content_type"":""video/mp4"",""size"":19803590}"
"POI_NT_0468.mp4","C:\Users\anhnn205\Documents\tool_crawl\backend\app\storage\downloads\videos\food_video\POI_NT_0468.mp4","POI_NT_0468","https://dp4vloz0pttrs.cloudfront.net/uploads/video/d651c6852828f1fa30b31d1098a2a53e7e70e87afa9b5d4a415320c33527f783.mp4","False","video/mp4","13146400","13146400","ok","","{""cdn_url"":""https://dp4vloz0pttrs.cloudfront.net/uploads/video/d651c6852828f1fa30b31d1098a2a53e7e70e87afa9b5d4a415320c33527f783.mp4"",""reused"":false,""content_type"":""video/mp4"",""size"":13146400}"
"POI_NT_0470.mp4","C:\Users\anhnn205\Documents\tool_crawl\backend\app\storage\downloads\videos\food_video\POI_NT_0470.mp4","POI_NT_0470","https://dp4vloz0pttrs.cloudfront.net/uploads/video/feb734dd0d3c644f3c55aaf35fbfd353d2f04ac12bde82c1b90da2179bf06d83.mp4","False","video/mp4","5665885","5665885","ok","","{""cdn_url"":""https://dp4vloz0pttrs.cloudfront.net/uploads/video/feb734dd0d3c644f3c55aaf35fbfd353d2f04ac12bde82c1b90da2179bf06d83.mp4"",""reused"":false,""content_type"":""video/mp4"",""size"":5665885}"
"POI_NT_0472.mp4","C:\Users\anhnn205\Documents\tool_crawl\backend\app\storage\downloads\videos\food_video\POI_NT_0472.mp4","POI_NT_0472","https://dp4vloz0pttrs.cloudfront.net/uploads/video/5a12aa9a84fd9b52ae7b6d4ddfd2bdb8063646fc156756566670c150bee80205.mp4","False","video/mp4","2586934","2586934","ok","","{""cdn_url"":""https://dp4vloz0pttrs.cloudfront.net/uploads/video/5a12aa9a84fd9b52ae7b6d4ddfd2bdb8063646fc156756566670c150bee80205.mp4"",""reused"":false,""content_type"":""video/mp4"",""size"":2586934}"
"POI_NT_0593.mp4","C:\Users\anhnn205\Documents\tool_crawl\backend\app\storage\downloads\videos\food_video\POI_NT_0593.mp4","POI_NT_0593","https://dp4vloz0pttrs.cloudfront.net/uploads/video/5231cb91e1570d560c75df7c714c0646bedfa21c4f2dba4fee9576812507ca53.mp4","False","video/mp4","8970929","8970929","ok","","{""cdn_url"":""https://dp4vloz0pttrs.cloudfront.net/uploads/video/5231cb91e1570d560c75df7c714c0646bedfa21c4f2dba4fee9576812507ca53.mp4"",""reused"":false,""content_type"":""video/mp4"",""size"":8970929}"
"POI_NT_0594.mp4","C:\Users\anhnn205\Documents\tool_crawl\backend\app\storage\downloads\videos\food_video\POI_NT_0594.mp4","POI_NT_0594","https://dp4vloz0pttrs.cloudfront.net/uploads/video/767e44659dd1e64573eb80105f6e90a419bba0d5fcd913c397d9be702f87085c.mp4","False","video/mp4","11829830","11829830","ok","","{""cdn_url"":""https://dp4vloz0pttrs.cloudfront.net/uploads/video/767e44659dd1e64573eb80105f6e90a419bba0d5fcd913c397d9be702f87085c.mp4"",""reused"":false,""content_type"":""video/mp4"",""size"":11829830}"
"POI_NT_0598.mp4","C:\Users\anhnn205\Documents\tool_crawl\backend\app\storage\downloads\videos\food_video\POI_NT_0598.mp4","POI_NT_0598","https://dp4vloz0pttrs.cloudfront.net/uploads/video/bf8fe8358b64dc18fa6f6e9bb7d1ec252ee7b8d47aa75be6d2ce16919b1fec7d.mp4","False","video/mp4","13872245","13872245","ok","","{""cdn_url"":""https://dp4vloz0pttrs.cloudfront.net/uploads/video/bf8fe8358b64dc18fa6f6e9bb7d1ec252ee7b8d47aa75be6d2ce16919b1fec7d.mp4"",""reused"":false,""content_type"":""video/mp4"",""size"":13872245}"
"POI_NT_0599.mp4","C:\Users\anhnn205\Documents\tool_crawl\backend\app\storage\downloads\videos\food_video\POI_NT_0599.mp4","POI_NT_0599","https://dp4vloz0pttrs.cloudfront.net/uploads/video/c79b8e84b72110d245da7d9e9d6318a73189888ab423f200de74091fb773e4e5.mp4","False","video/mp4","12845146","12845146","ok","","{""cdn_url"":""https://dp4vloz0pttrs.cloudfront.net/uploads/video/c79b8e84b72110d245da7d9e9d6318a73189888ab423f200de74091fb773e4e5.mp4"",""reused"":false,""content_type"":""video/mp4"",""size"":12845146}"
"POI_NT_0600.mp4","C:\Users\anhnn205\Documents\tool_crawl\backend\app\storage\downloads\videos\food_video\POI_NT_0600.mp4","POI_NT_0600","https://dp4vloz0pttrs.cloudfront.net/uploads/video/cb2e9ffc8c6a558e1e04f7daf33e5cdd7e8de5a7e2f423c2848d39029da403cc.mp4","False","video/mp4","21852763","21852763","ok","","{""cdn_url"":""https://dp4vloz0pttrs.cloudfront.net/uploads/video/cb2e9ffc8c6a558e1e04f7daf33e5cdd7e8de5a7e2f423c2848d39029da403cc.mp4"",""reused"":false,""content_type"":""video/mp4"",""size"":21852763}"
"POI_NT_0601.mp4","C:\Users\anhnn205\Documents\tool_crawl\backend\app\storage\downloads\videos\food_video\POI_NT_0601.mp4","POI_NT_0601","https://dp4vloz0pttrs.cloudfront.net/uploads/video/eee9e2b2a6501da9c01770ee8ce91979a260531201e286f6b053e5a2d427288e.mp4","False","video/mp4","8801843","8801843","ok","","{""cdn_url"":""https://dp4vloz0pttrs.cloudfront.net/uploads/video/eee9e2b2a6501da9c01770ee8ce91979a260531201e286f6b053e5a2d427288e.mp4"",""reused"":false,""content_type"":""video/mp4"",""size"":8801843}"
"POI_NT_0602.mp4","C:\Users\anhnn205\Documents\tool_crawl\backend\app\storage\downloads\videos\food_video\POI_NT_0602.mp4","POI_NT_0602","https://dp4vloz0pttrs.cloudfront.net/uploads/video/8a7515b94f8321352d3d92abf012ebd72c61f61cc76f4ad9d30d6daa605ea8e1.mp4","False","video/mp4","7323299","7323299","ok","","{""cdn_url"":""https://dp4vloz0pttrs.cloudfront.net/uploads/video/8a7515b94f8321352d3d92abf012ebd72c61f61cc76f4ad9d30d6daa605ea8e1.mp4"",""reused"":false,""content_type"":""video/mp4"",""size"":7323299}"
"POI_NT_0603.mp4","C:\Users\anhnn205\Documents\tool_crawl\backend\app\storage\downloads\videos\food_video\POI_NT_0603.mp4","POI_NT_0603","https://dp4vloz0pttrs.cloudfront.net/uploads/video/b4638f0725d6dfe0552941cd2ddf51d09ba40dee5f18a848c52ef1fb1f32f6f7.mp4","False","video/mp4","4776489","4776489","ok","","{""cdn_url"":""https://dp4vloz0pttrs.cloudfront.net/uploads/video/b4638f0725d6dfe0552941cd2ddf51d09ba40dee5f18a848c52ef1fb1f32f6f7.mp4"",""reused"":false,""content_type"":""video/mp4"",""size"":4776489}"
"POI_NT_0604.mp4","C:\Users\anhnn205\Documents\tool_crawl\backend\app\storage\downloads\videos\food_video\POI_NT_0604.mp4","POI_NT_0604","https://dp4vloz0pttrs.cloudfront.net/uploads/video/bec72f00c75cb045a1e227d0c3d3ad82f3c37fab6e2fd0d0b1abaad86e65d973.mp4","False","video/mp4","22102475","22102475","ok","","{""cdn_url"":""https://dp4vloz0pttrs.cloudfront.net/uploads/video/bec72f00c75cb045a1e227d0c3d3ad82f3c37fab6e2fd0d0b1abaad86e65d973.mp4"",""reused"":false,""content_type"":""video/mp4"",""size"":22102475}"
"POI_NT_0604_01.mp4","C:\Users\anhnn205\Documents\tool_crawl\backend\app\storage\downloads\videos\food_video\POI_NT_0604_01.mp4","POI_NT_0604","https://dp4vloz0pttrs.cloudfront.net/uploads/video/5b60b7921d690bfa126597b082dae1d97585513fe657b1e79c7692260d32af08.mp4","False","video/mp4","15600230","15600230","ok","","{""cdn_url"":""https://dp4vloz0pttrs.cloudfront.net/uploads/video/5b60b7921d690bfa126597b082dae1d97585513fe657b1e79c7692260d32af08.mp4"",""reused"":false,""content_type"":""video/mp4"",""size"":15600230}"
"POI_NT_0604_02.mp4","C:\Users\anhnn205\Documents\tool_crawl\backend\app\storage\downloads\videos\food_video\POI_NT_0604_02.mp4","POI_NT_0604","https://dp4vloz0pttrs.cloudfront.net/uploads/video/692a0499ed16f90730db024be1c135d1821bceb0c6121d79e2bbb9ead056cc4f.mp4","False","video/mp4","19510828","19510828","ok","","{""cdn_url"":""https://dp4vloz0pttrs.cloudfront.net/uploads/video/692a0499ed16f90730db024be1c135d1821bceb0c6121d79e2bbb9ead056cc4f.mp4"",""reused"":false,""content_type"":""video/mp4"",""size"":19510828}"
"POI_NT_0605.mp4","C:\Users\anhnn205\Documents\tool_crawl\backend\app\storage\downloads\videos\food_video\POI_NT_0605.mp4","POI_NT_0605","https://dp4vloz0pttrs.cloudfront.net/uploads/video/4a0ca385e069b8afcb4e50303a2141ba8c6e18668e5a1adf6e8fe827382483e1.mp4","False","video/mp4","12893307","12893307","ok","","{""cdn_url"":""https://dp4vloz0pttrs.cloudfront.net/uploads/video/4a0ca385e069b8afcb4e50303a2141ba8c6e18668e5a1adf6e8fe827382483e1.mp4"",""reused"":false,""content_type"":""video/mp4"",""size"":12893307}"
"POI_NT_0605_01.mp4","C:\Users\anhnn205\Documents\tool_crawl\backend\app\storage\downloads\videos\food_video\POI_NT_0605_01.mp4","POI_NT_0605","https://dp4vloz0pttrs.cloudfront.net/uploads/video/d854a4fec13fcfa1b0a9712851e534a817b4421fbfa9bac4db04d781aa0beba4.mp4","False","video/mp4","7333753","7333753","ok","","{""cdn_url"":""https://dp4vloz0pttrs.cloudfront.net/uploads/video/d854a4fec13fcfa1b0a9712851e534a817b4421fbfa9bac4db04d781aa0beba4.mp4"",""reused"":false,""content_type"":""video/mp4"",""size"":7333753}"
"POI_NT_0605_02.mp4","C:\Users\anhnn205\Documents\tool_crawl\backend\app\storage\downloads\videos\food_video\POI_NT_0605_02.mp4","POI_NT_0605","https://dp4vloz0pttrs.cloudfront.net/uploads/video/a655d26f98b55f7cb350e3e12e111511d83f4789808462811e230263811d3d6d.mp4","False","video/mp4","17850805","17850805","ok","","{""cdn_url"":""https://dp4vloz0pttrs.cloudfront.net/uploads/video/a655d26f98b55f7cb350e3e12e111511d83f4789808462811e230263811d3d6d.mp4"",""reused"":false,""content_type"":""video/mp4"",""size"":17850805}"
"POI_NT_0606.mp4","C:\Users\anhnn205\Documents\tool_crawl\backend\app\storage\downloads\videos\food_video\POI_NT_0606.mp4","POI_NT_0606","https://dp4vloz0pttrs.cloudfront.net/uploads/video/4169d46bc183c3266d189feffa1cf55ebf0d61caeeb67f90d7e064bad3240849.mp4","False","video/mp4","107317731","107317731","ok","","{""cdn_url"":""https://dp4vloz0pttrs.cloudfront.net/uploads/video/4169d46bc183c3266d189feffa1cf55ebf0d61caeeb67f90d7e064bad3240849.mp4"",""reused"":false,""content_type"":""video/mp4"",""size"":107317731}"
"POI_NT_0606_01.mp4","C:\Users\anhnn205\Documents\tool_crawl\backend\app\storage\downloads\videos\food_video\POI_NT_0606_01.mp4","POI_NT_0606","https://dp4vloz0pttrs.cloudfront.net/uploads/video/89dbcf39fa83f4b094c839e33626738834660b5947ea41f0cf3f023815f30ab0.mp4","False","video/mp4","7778356","7778356","ok","","{""cdn_url"":""https://dp4vloz0pttrs.cloudfront.net/uploads/video/89dbcf39fa83f4b094c839e33626738834660b5947ea41f0cf3f023815f30ab0.mp4"",""reused"":false,""content_type"":""video/mp4"",""size"":7778356}"
"POI_NT_0606_02.mp4","C:\Users\anhnn205\Documents\tool_crawl\backend\app\storage\downloads\videos\food_video\POI_NT_0606_02.mp4","POI_NT_0606","https://dp4vloz0pttrs.cloudfront.net/uploads/video/f3650f3d09deb0ccdcdf3df3618658b0b22d0b519a0ab141d105e51002acecb6.mp4","False","video/mp4","7461942","7461942","ok","","{""cdn_url"":""https://dp4vloz0pttrs.cloudfront.net/uploads/video/f3650f3d09deb0ccdcdf3df3618658b0b22d0b519a0ab141d105e51002acecb6.mp4"",""reused"":false,""content_type"":""video/mp4"",""size"":7461942}"
"POI_NT_0607.mp4","C:\Users\anhnn205\Documents\tool_crawl\backend\app\storage\downloads\videos\food_video\POI_NT_0607.mp4","POI_NT_0607","https://dp4vloz0pttrs.cloudfront.net/uploads/video/57e8c04449c97297dd615714bb1d6349fe1faaba88ae2ed89498bca71fd0332d.mp4","False","video/mp4","17077621","17077621","ok","","{""cdn_url"":""https://dp4vloz0pttrs.cloudfront.net/uploads/video/57e8c04449c97297dd615714bb1d6349fe1faaba88ae2ed89498bca71fd0332d.mp4"",""reused"":false,""content_type"":""video/mp4"",""size"":17077621}"
"POI_NT_0608.mp4","C:\Users\anhnn205\Documents\tool_crawl\backend\app\storage\downloads\videos\food_video\POI_NT_0608.mp4","POI_NT_0608","https://dp4vloz0pttrs.cloudfront.net/uploads/video/abc6e8168a60f1fc6528d005a3bb502c715d35cd4b54da2474bfd7391048e56d.mp4","False","video/mp4","2204126","2204126","ok","","{""cdn_url"":""https://dp4vloz0pttrs.cloudfront.net/uploads/video/abc6e8168a60f1fc6528d005a3bb502c715d35cd4b54da2474bfd7391048e56d.mp4"",""reused"":false,""content_type"":""video/mp4"",""size"":2204126}"
"POI_NT_0608_01.mp4","C:\Users\anhnn205\Documents\tool_crawl\backend\app\storage\downloads\videos\food_video\POI_NT_0608_01.mp4","POI_NT_0608","https://dp4vloz0pttrs.cloudfront.net/uploads/video/a76e52321a5c2abcd42ffac64c9bf2cdaba4d13672bec24289de9a99089bba81.mp4","False","video/mp4","4256300","4256300","ok","","{""cdn_url"":""https://dp4vloz0pttrs.cloudfront.net/uploads/video/a76e52321a5c2abcd42ffac64c9bf2cdaba4d13672bec24289de9a99089bba81.mp4"",""reused"":false,""content_type"":""video/mp4"",""size"":4256300}"
"POI_NT_0609.mp4","C:\Users\anhnn205\Documents\tool_crawl\backend\app\storage\downloads\videos\food_video\POI_NT_0609.mp4","POI_NT_0609","https://dp4vloz0pttrs.cloudfront.net/uploads/video/eb23667cea8215cfc348baa2c337f1abb2521d914f544ef9a4243868b2c1c51d.mp4","False","video/mp4","26902453","26902453","ok","","{""cdn_url"":""https://dp4vloz0pttrs.cloudfront.net/uploads/video/eb23667cea8215cfc348baa2c337f1abb2521d914f544ef9a4243868b2c1c51d.mp4"",""reused"":false,""content_type"":""video/mp4"",""size"":26902453}"
"POI_NT_0609_01.mp4","C:\Users\anhnn205\Documents\tool_crawl\backend\app\storage\downloads\videos\food_video\POI_NT_0609_01.mp4","POI_NT_0609","https://dp4vloz0pttrs.cloudfront.net/uploads/video/4d3ee1174a34d3cf24fa5d8510d3b179cc6fa6f498e89290a3eeec853c9e13e1.mp4","False","video/mp4","7368182","7368182","ok","","{""cdn_url"":""https://dp4vloz0pttrs.cloudfront.net/uploads/video/4d3ee1174a34d3cf24fa5d8510d3b179cc6fa6f498e89290a3eeec853c9e13e1.mp4"",""reused"":false,""content_type"":""video/mp4"",""size"":7368182}"
"POI_NT_0611.mp4","C:\Users\anhnn205\Documents\tool_crawl\backend\app\storage\downloads\videos\food_video\POI_NT_0611.mp4","POI_NT_0611","https://dp4vloz0pttrs.cloudfront.net/uploads/video/18085e30f7e1e274727b29f6d08fc03d5d2d99324e3afa9e72d822b4fd6ce9f0.mp4","False","video/mp4","15539427","15539427","ok","","{""cdn_url"":""https://dp4vloz0pttrs.cloudfront.net/uploads/video/18085e30f7e1e274727b29f6d08fc03d5d2d99324e3afa9e72d822b4fd6ce9f0.mp4"",""reused"":false,""content_type"":""video/mp4"",""size"":15539427}"
"POI_NT_0612.mp4","C:\Users\anhnn205\Documents\tool_crawl\backend\app\storage\downloads\videos\food_video\POI_NT_0612.mp4","POI_NT_0612","https://dp4vloz0pttrs.cloudfront.net/uploads/video/bfb5c765640c969f4c8a07cf4fc976b2230394dc5fb2f14617cf2063bf3326cf.mp4","False","video/mp4","2007452","2007452","ok","","{""cdn_url"":""https://dp4vloz0pttrs.cloudfront.net/uploads/video/bfb5c765640c969f4c8a07cf4fc976b2230394dc5fb2f14617cf2063bf3326cf.mp4"",""reused"":false,""content_type"":""video/mp4"",""size"":2007452}"
"POI_NT_0613.mp4","C:\Users\anhnn205\Documents\tool_crawl\backend\app\storage\downloads\videos\food_video\POI_NT_0613.mp4","POI_NT_0613","https://dp4vloz0pttrs.cloudfront.net/uploads/video/a4bbb6138e8faa4d19b9baadf4f0895024ef82b7267a28320df0778680006c7d.mp4","False","video/mp4","3422044","3422044","ok","","{""cdn_url"":""https://dp4vloz0pttrs.cloudfront.net/uploads/video/a4bbb6138e8faa4d19b9baadf4f0895024ef82b7267a28320df0778680006c7d.mp4"",""reused"":false,""content_type"":""video/mp4"",""size"":3422044}"
"POI_NT_0613_01.mp4","C:\Users\anhnn205\Documents\tool_crawl\backend\app\storage\downloads\videos\food_video\POI_NT_0613_01.mp4","POI_NT_0613","https://dp4vloz0pttrs.cloudfront.net/uploads/video/b3238bb767e21fff1bd2668fb3bba19b572e4e6db4ace0d7942a6b17e568f092.mp4","False","video/mp4","35467819","35467819","ok","","{""cdn_url"":""https://dp4vloz0pttrs.cloudfront.net/uploads/video/b3238bb767e21fff1bd2668fb3bba19b572e4e6db4ace0d7942a6b17e568f092.mp4"",""reused"":false,""content_type"":""video/mp4"",""size"":35467819}"
"POI_NT_0615.mp4","C:\Users\anhnn205\Documents\tool_crawl\backend\app\storage\downloads\videos\food_video\POI_NT_0615.mp4","POI_NT_0615","https://dp4vloz0pttrs.cloudfront.net/uploads/video/096fd55e6b00fcdb311fa604a61e899fa1ea1143dd606ed256d63a2a9d6ed561.mp4","False","video/mp4","10280273","10280273","ok","","{""cdn_url"":""https://dp4vloz0pttrs.cloudfront.net/uploads/video/096fd55e6b00fcdb311fa604a61e899fa1ea1143dd606ed256d63a2a9d6ed561.mp4"",""reused"":false,""content_type"":""video/mp4"",""size"":10280273}"
"POI_NT_0615_01.mp4","C:\Users\anhnn205\Documents\tool_crawl\backend\app\storage\downloads\videos\food_video\POI_NT_0615_01.mp4","POI_NT_0615","https://dp4vloz0pttrs.cloudfront.net/uploads/video/62404be897e028210b77c198c71f51dea56551f8262bf697441d141835f92f0a.mp4","False","video/mp4","9378240","9378240","ok","","{""cdn_url"":""https://dp4vloz0pttrs.cloudfront.net/uploads/video/62404be897e028210b77c198c71f51dea56551f8262bf697441d141835f92f0a.mp4"",""reused"":false,""content_type"":""video/mp4"",""size"":9378240}"
"POI_NT_0616.mp4","C:\Users\anhnn205\Documents\tool_crawl\backend\app\storage\downloads\videos\food_video\POI_NT_0616.mp4","POI_NT_0616","https://dp4vloz0pttrs.cloudfront.net/uploads/video/9b1c54913aa0088821388f65eb6c97b2b2e0b5947ee40181f928030ad0ace049.mp4","False","video/mp4","7906072","7906072","ok","","{""cdn_url"":""https://dp4vloz0pttrs.cloudfront.net/uploads/video/9b1c54913aa0088821388f65eb6c97b2b2e0b5947ee40181f928030ad0ace049.mp4"",""reused"":false,""content_type"":""video/mp4"",""size"":7906072}"
"POI_NT_0616_01.mp4","C:\Users\anhnn205\Documents\tool_crawl\backend\app\storage\downloads\videos\food_video\POI_NT_0616_01.mp4","POI_NT_0616","https://dp4vloz0pttrs.cloudfront.net/uploads/video/4efa6b1cdf5fa1fce32f08ab47283f361be0941957aa135e1f55d0365c7bbae6.mp4","False","video/mp4","4181656","4181656","ok","","{""cdn_url"":""https://dp4vloz0pttrs.cloudfront.net/uploads/video/4efa6b1cdf5fa1fce32f08ab47283f361be0941957aa135e1f55d0365c7bbae6.mp4"",""reused"":false,""content_type"":""video/mp4"",""size"":4181656}"
"POI_NT_0616_02.mp4","C:\Users\anhnn205\Documents\tool_crawl\backend\app\storage\downloads\videos\food_video\POI_NT_0616_02.mp4","POI_NT_0616","https://dp4vloz0pttrs.cloudfront.net/uploads/video/7892caac8c12aed44afdd85854481b0de7213a4d54a07f4632601907dddfb893.mp4","False","video/mp4","4614909","4614909","ok","","{""cdn_url"":""https://dp4vloz0pttrs.cloudfront.net/uploads/video/7892caac8c12aed44afdd85854481b0de7213a4d54a07f4632601907dddfb893.mp4"",""reused"":false,""content_type"":""video/mp4"",""size"":4614909}"
"POI_NT_0619.mp4","C:\Users\anhnn205\Documents\tool_crawl\backend\app\storage\downloads\videos\food_video\POI_NT_0619.mp4","POI_NT_0619","https://dp4vloz0pttrs.cloudfront.net/uploads/video/1c0944a06bf2228500b791ce69221f61867f48f0d2575e0fc4e599ed13266be3.mp4","False","video/mp4","2374594","2374594","ok","","{""cdn_url"":""https://dp4vloz0pttrs.cloudfront.net/uploads/video/1c0944a06bf2228500b791ce69221f61867f48f0d2575e0fc4e599ed13266be3.mp4"",""reused"":false,""content_type"":""video/mp4"",""size"":2374594}"
"POI_NT_0622.mp4","C:\Users\anhnn205\Documents\tool_crawl\backend\app\storage\downloads\videos\food_video\POI_NT_0622.mp4","POI_NT_0622","https://dp4vloz0pttrs.cloudfront.net/uploads/video/502c135fcde2cfb60d4758e1da6cbf4cde34a3fe8e173528743e42155f20465a.mp4","False","video/mp4","19207359","19207359","ok","","{""cdn_url"":""https://dp4vloz0pttrs.cloudfront.net/uploads/video/502c135fcde2cfb60d4758e1da6cbf4cde34a3fe8e173528743e42155f20465a.mp4"",""reused"":false,""content_type"":""video/mp4"",""size"":19207359}"
"POI_NT_0624_02.mp4","C:\Users\anhnn205\Documents\tool_crawl\backend\app\storage\downloads\videos\food_video\POI_NT_0624_02.mp4","POI_NT_0624","https://dp4vloz0pttrs.cloudfront.net/uploads/video/4290d83dcae3a57bb0055a2b3e3459262a6ae79d6edf30d812674addb9675c8f.mp4","False","video/mp4","21228250","21228250","ok","","{""cdn_url"":""https://dp4vloz0pttrs.cloudfront.net/uploads/video/4290d83dcae3a57bb0055a2b3e3459262a6ae79d6edf30d812674addb9675c8f.mp4"",""reused"":false,""content_type"":""video/mp4"",""size"":21228250}"
"POI_NT_0627_02.mp4","C:\Users\anhnn205\Documents\tool_crawl\backend\app\storage\downloads\videos\food_video\POI_NT_0627_02.mp4","POI_NT_0627","https://dp4vloz0pttrs.cloudfront.net/uploads/video/6719f250614898e299d382994ec809f8d2eabd393fc7ba47c1de95a43b00e072.mp4","False","video/mp4","8916909","8916909","ok","","{""cdn_url"":""https://dp4vloz0pttrs.cloudfront.net/uploads/video/6719f250614898e299d382994ec809f8d2eabd393fc7ba47c1de95a43b00e072.mp4"",""reused"":false,""content_type"":""video/mp4"",""size"":8916909}"
"POI_NT_0628_04.mp4","C:\Users\anhnn205\Documents\tool_crawl\backend\app\storage\downloads\videos\food_video\POI_NT_0628_04.mp4","POI_NT_0628","https://dp4vloz0pttrs.cloudfront.net/uploads/video/9fa26fd368aff5251fba22e8ce3d8897a07437d8a14d9d6a63e39e080e50c770.mp4","False","video/mp4","23501792","23501792","ok","","{""cdn_url"":""https://dp4vloz0pttrs.cloudfront.net/uploads/video/9fa26fd368aff5251fba22e8ce3d8897a07437d8a14d9d6a63e39e080e50c770.mp4"",""reused"":false,""content_type"":""video/mp4"",""size"":23501792}"
"POI_NT_0628_05.mp4","C:\Users\anhnn205\Documents\tool_crawl\backend\app\storage\downloads\videos\food_video\POI_NT_0628_05.mp4","POI_NT_0628","https://dp4vloz0pttrs.cloudfront.net/uploads/video/e78aac734da14036d64ed2c5ddf355bba24a3a4c652b6e04dada7a1b839d8ed0.mp4","False","video/mp4","7631762","7631762","ok","","{""cdn_url"":""https://dp4vloz0pttrs.cloudfront.net/uploads/video/e78aac734da14036d64ed2c5ddf355bba24a3a4c652b6e04dada7a1b839d8ed0.mp4"",""reused"":false,""content_type"":""video/mp4"",""size"":7631762}"
"POI_NT_0630_02.mp4","C:\Users\anhnn205\Documents\tool_crawl\backend\app\storage\downloads\videos\food_video\POI_NT_0630_02.mp4","POI_NT_0630","https://dp4vloz0pttrs.cloudfront.net/uploads/video/bc1dbccc0e28f9ba9dcf0d02d1ce96fee5133e087f664863b83479991a06489d.mp4","False","video/mp4","9535245","9535245","ok","","{""cdn_url"":""https://dp4vloz0pttrs.cloudfront.net/uploads/video/bc1dbccc0e28f9ba9dcf0d02d1ce96fee5133e087f664863b83479991a06489d.mp4"",""reused"":false,""content_type"":""video/mp4"",""size"":9535245}"
"POI_NT_0632.mp4","C:\Users\anhnn205\Documents\tool_crawl\backend\app\storage\downloads\videos\food_video\POI_NT_0632.mp4","POI_NT_0632","https://dp4vloz0pttrs.cloudfront.net/uploads/video/55fdb54acd825f6ca2471d5ef015607382462bf5485a5905a5cfa78ee8568405.mp4","False","video/mp4","12915442","12915442","ok","","{""cdn_url"":""https://dp4vloz0pttrs.cloudfront.net/uploads/video/55fdb54acd825f6ca2471d5ef015607382462bf5485a5905a5cfa78ee8568405.mp4"",""reused"":false,""content_type"":""video/mp4"",""size"":12915442}"
"POI_NT_0633.mp4","C:\Users\anhnn205\Documents\tool_crawl\backend\app\storage\downloads\videos\food_video\POI_NT_0633.mp4","POI_NT_0633","https://dp4vloz0pttrs.cloudfront.net/uploads/video/ce5f8073a21026efd13fe996ea2ea92010e3b15089a4a8d18dfc9cf908efddd0.mp4","False","video/mp4","4696576","4696576","ok","","{""cdn_url"":""https://dp4vloz0pttrs.cloudfront.net/uploads/video/ce5f8073a21026efd13fe996ea2ea92010e3b15089a4a8d18dfc9cf908efddd0.mp4"",""reused"":false,""content_type"":""video/mp4"",""size"":4696576}"
"POI_NT_0633_01.mp4","C:\Users\anhnn205\Documents\tool_crawl\backend\app\storage\downloads\videos\food_video\POI_NT_0633_01.mp4","POI_NT_0633","https://dp4vloz0pttrs.cloudfront.net/uploads/video/7ef6ded0a05406e099e6c9280416627fae3d6a952ccd6bce5f765a6a8f1e61f9.mp4","False","video/mp4","4363241","4363241","ok","","{""cdn_url"":""https://dp4vloz0pttrs.cloudfront.net/uploads/video/7ef6ded0a05406e099e6c9280416627fae3d6a952ccd6bce5f765a6a8f1e61f9.mp4"",""reused"":false,""content_type"":""video/mp4"",""size"":4363241}"
"POI_NT_0634.mp4","C:\Users\anhnn205\Documents\tool_crawl\backend\app\storage\downloads\videos\food_video\POI_NT_0634.mp4","POI_NT_0634","https://dp4vloz0pttrs.cloudfront.net/uploads/video/09a9898edc3e3a771c6b2631af0f1470bb165d2d7b9c9f5bce01af9078bbee66.mp4","False","video/mp4","9505911","9505911","ok","","{""cdn_url"":""https://dp4vloz0pttrs.cloudfront.net/uploads/video/09a9898edc3e3a771c6b2631af0f1470bb165d2d7b9c9f5bce01af9078bbee66.mp4"",""reused"":false,""content_type"":""video/mp4"",""size"":9505911}"
"POI_NT_0634_01.mp4","C:\Users\anhnn205\Documents\tool_crawl\backend\app\storage\downloads\videos\food_video\POI_NT_0634_01.mp4","POI_NT_0634","https://dp4vloz0pttrs.cloudfront.net/uploads/video/a208705876dac73b2a3ebc7860eb9f77971226b1857ec0ee04cdddeb7c3b1815.mp4","False","video/mp4","30144920","30144920","ok","","{""cdn_url"":""https://dp4vloz0pttrs.cloudfront.net/uploads/video/a208705876dac73b2a3ebc7860eb9f77971226b1857ec0ee04cdddeb7c3b1815.mp4"",""reused"":false,""content_type"":""video/mp4"",""size"":30144920}"
"POI_NT_0635.mp4","C:\Users\anhnn205\Documents\tool_crawl\backend\app\storage\downloads\videos\food_video\POI_NT_0635.mp4","POI_NT_0635","https://dp4vloz0pttrs.cloudfront.net/uploads/video/3b3427bd0d696d67576561b5c5383e9a84dd0e081713648e32d9326b19956c2d.mp4","False","video/mp4","2460293","2460293","ok","","{""cdn_url"":""https://dp4vloz0pttrs.cloudfront.net/uploads/video/3b3427bd0d696d67576561b5c5383e9a84dd0e081713648e32d9326b19956c2d.mp4"",""reused"":false,""content_type"":""video/mp4"",""size"":2460293}"
"POI_NT_0636.mp4","C:\Users\anhnn205\Documents\tool_crawl\backend\app\storage\downloads\videos\food_video\POI_NT_0636.mp4","POI_NT_0636","https://dp4vloz0pttrs.cloudfront.net/uploads/video/e43c84fac20e703dabf4c2f452edc5a7dfd0a528d2ec9b02d8514a74b2f55ba3.mp4","False","video/mp4","4494899","4494899","ok","","{""cdn_url"":""https://dp4vloz0pttrs.cloudfront.net/uploads/video/e43c84fac20e703dabf4c2f452edc5a7dfd0a528d2ec9b02d8514a74b2f55ba3.mp4"",""reused"":false,""content_type"":""video/mp4"",""size"":4494899}"
"POI_NT_0637.mp4","C:\Users\anhnn205\Documents\tool_crawl\backend\app\storage\downloads\videos\food_video\POI_NT_0637.mp4","POI_NT_0637","https://dp4vloz0pttrs.cloudfront.net/uploads/video/c1c95720f42a1b081b373bfc7d3dcdf8bdbafe55262dfde49942a0e9b5fbbd48.mp4","False","video/mp4","13231042","13231042","ok","","{""cdn_url"":""https://dp4vloz0pttrs.cloudfront.net/uploads/video/c1c95720f42a1b081b373bfc7d3dcdf8bdbafe55262dfde49942a0e9b5fbbd48.mp4"",""reused"":false,""content_type"":""video/mp4"",""size"":13231042}"
"POI_NT_0639.mp4","C:\Users\anhnn205\Documents\tool_crawl\backend\app\storage\downloads\videos\food_video\POI_NT_0639.mp4","POI_NT_0639","https://dp4vloz0pttrs.cloudfront.net/uploads/video/3bae458e320638a28f5571c724aa2c767ccd1e947740c729b36c251b80eb954c.mp4","False","video/mp4","9407766","9407766","ok","","{""cdn_url"":""https://dp4vloz0pttrs.cloudfront.net/uploads/video/3bae458e320638a28f5571c724aa2c767ccd1e947740c729b36c251b80eb954c.mp4"",""reused"":false,""content_type"":""video/mp4"",""size"":9407766}"
"POI_NT_0640.mp4","C:\Users\anhnn205\Documents\tool_crawl\backend\app\storage\downloads\videos\food_video\POI_NT_0640.mp4","POI_NT_0640","https://dp4vloz0pttrs.cloudfront.net/uploads/video/8bcb3694f744049640fe8ac5fa9f92e0920325bd2f27b2a702efe2dbd80da3e6.mp4","False","video/mp4","15712682","15712682","ok","","{""cdn_url"":""https://dp4vloz0pttrs.cloudfront.net/uploads/video/8bcb3694f744049640fe8ac5fa9f92e0920325bd2f27b2a702efe2dbd80da3e6.mp4"",""reused"":false,""content_type"":""video/mp4"",""size"":15712682}"
"POI_NT_0666.mp4","C:\Users\anhnn205\Documents\tool_crawl\backend\app\storage\downloads\videos\food_video\POI_NT_0666.mp4","POI_NT_0666","https://dp4vloz0pttrs.cloudfront.net/uploads/video/671aaff268626bc07644257a72d60f055686fc0a4f50fb7fc5c6c7796f0e7a2c.mp4","False","video/mp4","2955271","2955271","ok","","{""cdn_url"":""https://dp4vloz0pttrs.cloudfront.net/uploads/video/671aaff268626bc07644257a72d60f055686fc0a4f50fb7fc5c6c7796f0e7a2c.mp4"",""reused"":false,""content_type"":""video/mp4"",""size"":2955271}"
"POI_NT_0667.mp4","C:\Users\anhnn205\Documents\tool_crawl\backend\app\storage\downloads\videos\food_video\POI_NT_0667.mp4","POI_NT_0667","https://dp4vloz0pttrs.cloudfront.net/uploads/video/5e89a4701cde6d5eab6fd9bf47f3ee94a9db1a5d164fa23d62a6e700234c3806.mp4","False","video/mp4","8981452","8981452","ok","","{""cdn_url"":""https://dp4vloz0pttrs.cloudfront.net/uploads/video/5e89a4701cde6d5eab6fd9bf47f3ee94a9db1a5d164fa23d62a6e700234c3806.mp4"",""reused"":false,""content_type"":""video/mp4"",""size"":8981452}"
"POI_NT_0668.mp4","C:\Users\anhnn205\Documents\tool_crawl\backend\app\storage\downloads\videos\food_video\POI_NT_0668.mp4","POI_NT_0668","https://dp4vloz0pttrs.cloudfront.net/uploads/video/92c2abf73145fb2ed46d12d1b3ef98e3c66cf2d15c9dee57e9076c19aa3930c4.mp4","False","video/mp4","18392270","18392270","ok","","{""cdn_url"":""https://dp4vloz0pttrs.cloudfront.net/uploads/video/92c2abf73145fb2ed46d12d1b3ef98e3c66cf2d15c9dee57e9076c19aa3930c4.mp4"",""reused"":false,""content_type"":""video/mp4"",""size"":18392270}"
"POI_NT_0670.mp4","C:\Users\anhnn205\Documents\tool_crawl\backend\app\storage\downloads\videos\food_video\POI_NT_0670.mp4","POI_NT_0670","https://dp4vloz0pttrs.cloudfront.net/uploads/video/7a7aa00f3d6faa16aadf9da8f48afe21427204dcd7c051172d733be13d7e6dae.mp4","False","video/mp4","4760959","4760959","ok","","{""cdn_url"":""https://dp4vloz0pttrs.cloudfront.net/uploads/video/7a7aa00f3d6faa16aadf9da8f48afe21427204dcd7c051172d733be13d7e6dae.mp4"",""reused"":false,""content_type"":""video/mp4"",""size"":4760959}"
"POI_NT_0671.mp4","C:\Users\anhnn205\Documents\tool_crawl\backend\app\storage\downloads\videos\food_video\POI_NT_0671.mp4","POI_NT_0671","https://dp4vloz0pttrs.cloudfront.net/uploads/video/076111d72c5c18859b49b704b31895affa3ab12dafbd2e0d14df1ba58ba5c307.mp4","False","video/mp4","6163301","6163301","ok","","{""cdn_url"":""https://dp4vloz0pttrs.cloudfront.net/uploads/video/076111d72c5c18859b49b704b31895affa3ab12dafbd2e0d14df1ba58ba5c307.mp4"",""reused"":false,""content_type"":""video/mp4"",""size"":6163301}"
"POI_NT_0672.mp4","C:\Users\anhnn205\Documents\tool_crawl\backend\app\storage\downloads\videos\food_video\POI_NT_0672.mp4","POI_NT_0672","https://dp4vloz0pttrs.cloudfront.net/uploads/video/2a334765cc38618b8a576cad459eb86195417f86c779b18ced626cabe7f334f8.mp4","False","video/mp4","19555311","19555311","ok","","{""cdn_url"":""https://dp4vloz0pttrs.cloudfront.net/uploads/video/2a334765cc38618b8a576cad459eb86195417f86c779b18ced626cabe7f334f8.mp4"",""reused"":false,""content_type"":""video/mp4"",""size"":19555311}"
"POI_NT_0673.mp4","C:\Users\anhnn205\Documents\tool_crawl\backend\app\storage\downloads\videos\food_video\POI_NT_0673.mp4","POI_NT_0673","https://dp4vloz0pttrs.cloudfront.net/uploads/video/d66f511a5a4a8562b78fce9955a74b4022930767aa9adc2fa2bb4df48dad4095.mp4","False","video/mp4","3818509","3818509","ok","","{""cdn_url"":""https://dp4vloz0pttrs.cloudfront.net/uploads/video/d66f511a5a4a8562b78fce9955a74b4022930767aa9adc2fa2bb4df48dad4095.mp4"",""reused"":false,""content_type"":""video/mp4"",""size"":3818509}"
"POI_NT_0674.mp4","C:\Users\anhnn205\Documents\tool_crawl\backend\app\storage\downloads\videos\food_video\POI_NT_0674.mp4","POI_NT_0674","https://dp4vloz0pttrs.cloudfront.net/uploads/video/445c4f420b9f854f4335ea441b425eeb285263b03f8620a929912f3426861493.mp4","False","video/mp4","18847155","18847155","ok","","{""cdn_url"":""https://dp4vloz0pttrs.cloudfront.net/uploads/video/445c4f420b9f854f4335ea441b425eeb285263b03f8620a929912f3426861493.mp4"",""reused"":false,""content_type"":""video/mp4"",""size"":18847155}"
"POI_NT_0727.mp4","C:\Users\anhnn205\Documents\tool_crawl\backend\app\storage\downloads\videos\food_video\POI_NT_0727.mp4","POI_NT_0727","https://dp4vloz0pttrs.cloudfront.net/uploads/video/e04a65de2f4f79f7cf673a6d4bb3e2b3d7daec41fb6212b9dd6c21451e9826fb.mp4","True","video/mp4","5406031","5406031","ok","","{""cdn_url"":""https://dp4vloz0pttrs.cloudfront.net/uploads/video/e04a65de2f4f79f7cf673a6d4bb3e2b3d7daec41fb6212b9dd6c21451e9826fb.mp4"",""reused"":true,""content_type"":""video/mp4"",""size"":5406031}"
"POI_NT_0850.mp4","C:\Users\anhnn205\Documents\tool_crawl\backend\app\storage\downloads\videos\food_video\POI_NT_0850.mp4","POI_NT_0850","https://dp4vloz0pttrs.cloudfront.net/uploads/video/50084f5be2f176a316ef5c6ee41a88a0fd489c8340f5fa10917d6082a65f12c4.mp4","False","video/mp4","15814786","15814786","ok","","{""cdn_url"":""https://dp4vloz0pttrs.cloudfront.net/uploads/video/50084f5be2f176a316ef5c6ee41a88a0fd489c8340f5fa10917d6082a65f12c4.mp4"",""reused"":false,""content_type"":""video/mp4"",""size"":15814786}"
"POI_NT_0851.mp4","C:\Users\anhnn205\Documents\tool_crawl\backend\app\storage\downloads\videos\food_video\POI_NT_0851.mp4","POI_NT_0851","https://dp4vloz0pttrs.cloudfront.net/uploads/video/70c2a6f4c64bb9671ce6ea82ef205f6018342e2f4234204a4f1bb3335a9b4596.mp4","False","video/mp4","1603251","1603251","ok","","{""cdn_url"":""https://dp4vloz0pttrs.cloudfront.net/uploads/video/70c2a6f4c64bb9671ce6ea82ef205f6018342e2f4234204a4f1bb3335a9b4596.mp4"",""reused"":false,""content_type"":""video/mp4"",""size"":1603251}"
"POI_NT_0852.mp4","C:\Users\anhnn205\Documents\tool_crawl\backend\app\storage\downloads\videos\food_video\POI_NT_0852.mp4","POI_NT_0852","https://dp4vloz0pttrs.cloudfront.net/uploads/video/ca8b942db2048551c964923339a7c646b02f68588962e5d019616cd98574736b.mp4","False","video/mp4","12322305","12322305","ok","","{""cdn_url"":""https://dp4vloz0pttrs.cloudfront.net/uploads/video/ca8b942db2048551c964923339a7c646b02f68588962e5d019616cd98574736b.mp4"",""reused"":false,""content_type"":""video/mp4"",""size"":12322305}"
"POI_NT_0854.mp4","C:\Users\anhnn205\Documents\tool_crawl\backend\app\storage\downloads\videos\food_video\POI_NT_0854.mp4","POI_NT_0854","https://dp4vloz0pttrs.cloudfront.net/uploads/video/34ddce504baf8db87ab2e6d5d29c32c8382753ae423aa7346b7a5f27e9673c0a.mp4","False","video/mp4","3411098","3411098","ok","","{""cdn_url"":""https://dp4vloz0pttrs.cloudfront.net/uploads/video/34ddce504baf8db87ab2e6d5d29c32c8382753ae423aa7346b7a5f27e9673c0a.mp4"",""reused"":false,""content_type"":""video/mp4"",""size"":3411098}"
"POI_NT_0854_01.mp4","C:\Users\anhnn205\Documents\tool_crawl\backend\app\storage\downloads\videos\food_video\POI_NT_0854_01.mp4","POI_NT_0854","https://dp4vloz0pttrs.cloudfront.net/uploads/video/854829ff94918effda8c61b47ad88222086a9b4321d72fc8178bd46e5d31bd95.mp4","False","video/mp4","5436583","5436583","ok","","{""cdn_url"":""https://dp4vloz0pttrs.cloudfront.net/uploads/video/854829ff94918effda8c61b47ad88222086a9b4321d72fc8178bd46e5d31bd95.mp4"",""reused"":false,""content_type"":""video/mp4"",""size"":5436583}"
"POI_NT_0856.mp4","C:\Users\anhnn205\Documents\tool_crawl\backend\app\storage\downloads\videos\food_video\POI_NT_0856.mp4","POI_NT_0856","https://dp4vloz0pttrs.cloudfront.net/uploads/video/035bffcc8e21144fdf249788f1a44fa83f08a49292f9e86d7ed4eb71cea46cef.mp4","False","video/mp4","631922","631922","ok","","{""cdn_url"":""https://dp4vloz0pttrs.cloudfront.net/uploads/video/035bffcc8e21144fdf249788f1a44fa83f08a49292f9e86d7ed4eb71cea46cef.mp4"",""reused"":false,""content_type"":""video/mp4"",""size"":631922}"
"POI_NT_0856_01.mp4","C:\Users\anhnn205\Documents\tool_crawl\backend\app\storage\downloads\videos\food_video\POI_NT_0856_01.mp4","POI_NT_0856","https://dp4vloz0pttrs.cloudfront.net/uploads/video/dda652185593a6f8579ec265a6c9458ae1c3785ab6be6689cfb085d0547a3ddb.mp4","False","video/mp4","13988909","13988909","ok","","{""cdn_url"":""https://dp4vloz0pttrs.cloudfront.net/uploads/video/dda652185593a6f8579ec265a6c9458ae1c3785ab6be6689cfb085d0547a3ddb.mp4"",""reused"":false,""content_type"":""video/mp4"",""size"":13988909}"
"POI_NT_0856_02.mp4","C:\Users\anhnn205\Documents\tool_crawl\backend\app\storage\downloads\videos\food_video\POI_NT_0856_02.mp4","POI_NT_0856","https://dp4vloz0pttrs.cloudfront.net/uploads/video/ed48bee9ec2b9b1ba34111734ec45726a4e8bfbd30b194263341732148c1dc5c.mp4","False","video/mp4","4969073","4969073","ok","","{""cdn_url"":""https://dp4vloz0pttrs.cloudfront.net/uploads/video/ed48bee9ec2b9b1ba34111734ec45726a4e8bfbd30b194263341732148c1dc5c.mp4"",""reused"":false,""content_type"":""video/mp4"",""size"":4969073}"
"POI_NT_0857.mp4","C:\Users\anhnn205\Documents\tool_crawl\backend\app\storage\downloads\videos\food_video\POI_NT_0857.mp4","POI_NT_0857","https://dp4vloz0pttrs.cloudfront.net/uploads/video/6122232d9c45bc6483f1fb5367b78565c8a221fbd1f73d4227ca9010337ec902.mp4","False","video/mp4","1230899","1230899","ok","","{""cdn_url"":""https://dp4vloz0pttrs.cloudfront.net/uploads/video/6122232d9c45bc6483f1fb5367b78565c8a221fbd1f73d4227ca9010337ec902.mp4"",""reused"":false,""content_type"":""video/mp4"",""size"":1230899}"
"POI_NT_0857_01.mp4","C:\Users\anhnn205\Documents\tool_crawl\backend\app\storage\downloads\videos\food_video\POI_NT_0857_01.mp4","POI_NT_0857","https://dp4vloz0pttrs.cloudfront.net/uploads/video/9beb4163882f8a18f9322d9e59fde1e067837d0ed40c4cbfacc29c2ece7fc997.mp4","False","video/mp4","7418202","7418202","ok","","{""cdn_url"":""https://dp4vloz0pttrs.cloudfront.net/uploads/video/9beb4163882f8a18f9322d9e59fde1e067837d0ed40c4cbfacc29c2ece7fc997.mp4"",""reused"":false,""content_type"":""video/mp4"",""size"":7418202}"
"POI_NT_0857_02.mp4","C:\Users\anhnn205\Documents\tool_crawl\backend\app\storage\downloads\videos\food_video\POI_NT_0857_02.mp4","POI_NT_0857","https://dp4vloz0pttrs.cloudfront.net/uploads/video/f9f508abac3818e17ebfaddfd63cabbd3a60668d3d1397336ce4a6956a89d78f.mp4","False","video/mp4","8719418","8719418","ok","","{""cdn_url"":""https://dp4vloz0pttrs.cloudfront.net/uploads/video/f9f508abac3818e17ebfaddfd63cabbd3a60668d3d1397336ce4a6956a89d78f.mp4"",""reused"":false,""content_type"":""video/mp4"",""size"":8719418}"
"POI_NT_0858.mp4","C:\Users\anhnn205\Documents\tool_crawl\backend\app\storage\downloads\videos\food_video\POI_NT_0858.mp4","POI_NT_0858","https://dp4vloz0pttrs.cloudfront.net/uploads/video/8eae1189c38e2c98d87836c40dee7c3270e57b404835c097205b294183e34411.mp4","False","video/mp4","880857","880857","ok","","{""cdn_url"":""https://dp4vloz0pttrs.cloudfront.net/uploads/video/8eae1189c38e2c98d87836c40dee7c3270e57b404835c097205b294183e34411.mp4"",""reused"":false,""content_type"":""video/mp4"",""size"":880857}"
"POI_NT_1000.mp4","C:\Users\anhnn205\Documents\tool_crawl\backend\app\storage\downloads\videos\food_video\POI_NT_1000.mp4","POI_NT_1000","https://dp4vloz0pttrs.cloudfront.net/uploads/video/f19275dfaba9a156d07875f68f19a8d02f0f9938268a7785f7a308ed8ce0b01c.mp4","False","video/mp4","2793882","2793882","ok","","{""cdn_url"":""https://dp4vloz0pttrs.cloudfront.net/uploads/video/f19275dfaba9a156d07875f68f19a8d02f0f9938268a7785f7a308ed8ce0b01c.mp4"",""reused"":false,""content_type"":""video/mp4"",""size"":2793882}"
"POI_NT_1001.mp4","C:\Users\anhnn205\Documents\tool_crawl\backend\app\storage\downloads\videos\food_video\POI_NT_1001.mp4","POI_NT_1001","https://dp4vloz0pttrs.cloudfront.net/uploads/video/434e0951e1ee7c5e01b7083b211f05d1e234ec9866fd5b8580d222f950664706.mp4","False","video/mp4","2278518","2278518","ok","","{""cdn_url"":""https://dp4vloz0pttrs.cloudfront.net/uploads/video/434e0951e1ee7c5e01b7083b211f05d1e234ec9866fd5b8580d222f950664706.mp4"",""reused"":false,""content_type"":""video/mp4"",""size"":2278518}"
"POI_NT_1002.mp4","C:\Users\anhnn205\Documents\tool_crawl\backend\app\storage\downloads\videos\food_video\POI_NT_1002.mp4","POI_NT_1002","https://dp4vloz0pttrs.cloudfront.net/uploads/video/1d44f6da9d0ffcfef5eae5b5e963cb3f0206a1b5157a410b9de8fdf6701589b6.mp4","True","video/mp4","8699605","8699605","ok","","{""cdn_url"":""https://dp4vloz0pttrs.cloudfront.net/uploads/video/1d44f6da9d0ffcfef5eae5b5e963cb3f0206a1b5157a410b9de8fdf6701589b6.mp4"",""reused"":true,""content_type"":""video/mp4"",""size"":8699605}"
"POI_NT_1002_01.mp4","C:\Users\anhnn205\Documents\tool_crawl\backend\app\storage\downloads\videos\food_video\POI_NT_1002_01.mp4","POI_NT_1002","https://dp4vloz0pttrs.cloudfront.net/uploads/video/d6a3f6b834e6c22ce04b74ac139eb816163f6748dc88f2333e039a480149d268.mp4","True","video/mp4","3039393","3039393","ok","","{""cdn_url"":""https://dp4vloz0pttrs.cloudfront.net/uploads/video/d6a3f6b834e6c22ce04b74ac139eb816163f6748dc88f2333e039a480149d268.mp4"",""reused"":true,""content_type"":""video/mp4"",""size"":3039393}"
"POI_NT_1002_02.mp4","C:\Users\anhnn205\Documents\tool_crawl\backend\app\storage\downloads\videos\food_video\POI_NT_1002_02.mp4","POI_NT_1002","https://dp4vloz0pttrs.cloudfront.net/uploads/video/d0d791a9972af29c93cf4b29f4c369f6704983a44aac71a7610012aa0d92189c.mp4","True","video/mp4","12069981","12069981","ok","","{""cdn_url"":""https://dp4vloz0pttrs.cloudfront.net/uploads/video/d0d791a9972af29c93cf4b29f4c369f6704983a44aac71a7610012aa0d92189c.mp4"",""reused"":true,""content_type"":""video/mp4"",""size"":12069981}"
"POI_NT_1002_03.mp4","C:\Users\anhnn205\Documents\tool_crawl\backend\app\storage\downloads\videos\food_video\POI_NT_1002_03.mp4","POI_NT_1002","https://dp4vloz0pttrs.cloudfront.net/uploads/video/001a496fa072fe0cffe1a744595944abcd210a63161c9e9a523b77ae985a4b78.mp4","True","video/mp4","8581017","8581017","ok","","{""cdn_url"":""https://dp4vloz0pttrs.cloudfront.net/uploads/video/001a496fa072fe0cffe1a744595944abcd210a63161c9e9a523b77ae985a4b78.mp4"",""reused"":true,""content_type"":""video/mp4"",""size"":8581017}"
"POI_NT_1002_04.mp4","C:\Users\anhnn205\Documents\tool_crawl\backend\app\storage\downloads\videos\food_video\POI_NT_1002_04.mp4","POI_NT_1002","https://dp4vloz0pttrs.cloudfront.net/uploads/video/bb4c60caea61be4afa2b721cad80b6bbf41638568e5b3d9e666faadbaf613338.mp4","True","video/mp4","5701742","5701742","ok","","{""cdn_url"":""https://dp4vloz0pttrs.cloudfront.net/uploads/video/bb4c60caea61be4afa2b721cad80b6bbf41638568e5b3d9e666faadbaf613338.mp4"",""reused"":true,""content_type"":""video/mp4"",""size"":5701742}"
"POI_NT_1003.mp4","C:\Users\anhnn205\Documents\tool_crawl\backend\app\storage\downloads\videos\food_video\POI_NT_1003.mp4","POI_NT_1003","https://dp4vloz0pttrs.cloudfront.net/uploads/video/04c8aec5771cc54d6b09fee7f035bf9ca65c3a39ab81546c0d9d80a8d1f8029f.mp4","True","video/mp4","12545868","12545868","ok","","{""cdn_url"":""https://dp4vloz0pttrs.cloudfront.net/uploads/video/04c8aec5771cc54d6b09fee7f035bf9ca65c3a39ab81546c0d9d80a8d1f8029f.mp4"",""reused"":true,""content_type"":""video/mp4"",""size"":12545868}"
"POI_NT_1003_01.mp4","C:\Users\anhnn205\Documents\tool_crawl\backend\app\storage\downloads\videos\food_video\POI_NT_1003_01.mp4","POI_NT_1003","https://dp4vloz0pttrs.cloudfront.net/uploads/video/60866aed550757a650afb80153e81c2707ee29b1aab88a8e3fe9841bcb6cf708.mp4","True","video/mp4","3059127","3059127","ok","","{""cdn_url"":""https://dp4vloz0pttrs.cloudfront.net/uploads/video/60866aed550757a650afb80153e81c2707ee29b1aab88a8e3fe9841bcb6cf708.mp4"",""reused"":true,""content_type"":""video/mp4"",""size"":3059127}"
"POI_NT_1003_02.mp4","C:\Users\anhnn205\Documents\tool_crawl\backend\app\storage\downloads\videos\food_video\POI_NT_1003_02.mp4","POI_NT_1003","https://dp4vloz0pttrs.cloudfront.net/uploads/video/78eb2ce0efb0107207c37132c834587e7004e55b2c143b7c682d4328a79a71fa.mp4","True","video/mp4","2537198","2537198","ok","","{""cdn_url"":""https://dp4vloz0pttrs.cloudfront.net/uploads/video/78eb2ce0efb0107207c37132c834587e7004e55b2c143b7c682d4328a79a71fa.mp4"",""reused"":true,""content_type"":""video/mp4"",""size"":2537198}"
"POI_NT_1004.mp4","C:\Users\anhnn205\Documents\tool_crawl\backend\app\storage\downloads\videos\food_video\POI_NT_1004.mp4","POI_NT_1004","https://dp4vloz0pttrs.cloudfront.net/uploads/video/19e4a1a9b998c45a9fddb60974afe38bec1ec32587b328a4e973f83e07c94ef7.mp4","False","video/mp4","1751044","1751044","ok","","{""cdn_url"":""https://dp4vloz0pttrs.cloudfront.net/uploads/video/19e4a1a9b998c45a9fddb60974afe38bec1ec32587b328a4e973f83e07c94ef7.mp4"",""reused"":false,""content_type"":""video/mp4"",""size"":1751044}"
"POI_NT_1005.mp4","C:\Users\anhnn205\Documents\tool_crawl\backend\app\storage\downloads\videos\food_video\POI_NT_1005.mp4","POI_NT_1005","https://dp4vloz0pttrs.cloudfront.net/uploads/video/27afb358e5b4c380ae9188c71cce587febfd816bdea37ad6a7e71ba528a9f774.mp4","False","video/mp4","3332139","3332139","ok","","{""cdn_url"":""https://dp4vloz0pttrs.cloudfront.net/uploads/video/27afb358e5b4c380ae9188c71cce587febfd816bdea37ad6a7e71ba528a9f774.mp4"",""reused"":false,""content_type"":""video/mp4"",""size"":3332139}"
"POI_NT_1006.mp4","C:\Users\anhnn205\Documents\tool_crawl\backend\app\storage\downloads\videos\food_video\POI_NT_1006.mp4","POI_NT_1006","https://dp4vloz0pttrs.cloudfront.net/uploads/video/683f0a25ae499ece25e6a9d05f33569addf3109f498d8eaf6674bb7e6d7d53c3.mp4","False","video/mp4","875922","875922","ok","","{""cdn_url"":""https://dp4vloz0pttrs.cloudfront.net/uploads/video/683f0a25ae499ece25e6a9d05f33569addf3109f498d8eaf6674bb7e6d7d53c3.mp4"",""reused"":false,""content_type"":""video/mp4"",""size"":875922}"
"POI_NT_1007.mp4","C:\Users\anhnn205\Documents\tool_crawl\backend\app\storage\downloads\videos\food_video\POI_NT_1007.mp4","POI_NT_1007","https://dp4vloz0pttrs.cloudfront.net/uploads/video/5c31c46e373626db12569a0596c37a89debd5e7c58e88eed2cf5e8461030cd8e.mp4","False","video/mp4","4487951","4487951","ok","","{""cdn_url"":""https://dp4vloz0pttrs.cloudfront.net/uploads/video/5c31c46e373626db12569a0596c37a89debd5e7c58e88eed2cf5e8461030cd8e.mp4"",""reused"":false,""content_type"":""video/mp4"",""size"":4487951}"
"POI_NT_1008.mp4","C:\Users\anhnn205\Documents\tool_crawl\backend\app\storage\downloads\videos\food_video\POI_NT_1008.mp4","POI_NT_1008","https://dp4vloz0pttrs.cloudfront.net/uploads/video/fea8c903966e9f913e88925dad7879e2683c2a054f14113dba2a779ed28153e5.mp4","False","video/mp4","5490121","5490121","ok","","{""cdn_url"":""https://dp4vloz0pttrs.cloudfront.net/uploads/video/fea8c903966e9f913e88925dad7879e2683c2a054f14113dba2a779ed28153e5.mp4"",""reused"":false,""content_type"":""video/mp4"",""size"":5490121}"
"POI_NT_1009.mp4","C:\Users\anhnn205\Documents\tool_crawl\backend\app\storage\downloads\videos\food_video\POI_NT_1009.mp4","POI_NT_1009","https://dp4vloz0pttrs.cloudfront.net/uploads/video/0dc4ed31afa4facdc7feb9b66965240858be3957fd254ddcf2b4ed682ba6ff78.mp4","False","video/mp4","5602985","5602985","ok","","{""cdn_url"":""https://dp4vloz0pttrs.cloudfront.net/uploads/video/0dc4ed31afa4facdc7feb9b66965240858be3957fd254ddcf2b4ed682ba6ff78.mp4"",""reused"":false,""content_type"":""video/mp4"",""size"":5602985}"
"POI_NT_1010.mp4","C:\Users\anhnn205\Documents\tool_crawl\backend\app\storage\downloads\videos\food_video\POI_NT_1010.mp4","POI_NT_1010","https://dp4vloz0pttrs.cloudfront.net/uploads/video/7b340c900e8a2c3f9c97f9c3249dbe128800b67a3687c880d343bda5edd05fee.mp4","False","video/mp4","2270916","2270916","ok","","{""cdn_url"":""https://dp4vloz0pttrs.cloudfront.net/uploads/video/7b340c900e8a2c3f9c97f9c3249dbe128800b67a3687c880d343bda5edd05fee.mp4"",""reused"":false,""content_type"":""video/mp4"",""size"":2270916}"
"POI_NT_1011.mp4","C:\Users\anhnn205\Documents\tool_crawl\backend\app\storage\downloads\videos\food_video\POI_NT_1011.mp4","POI_NT_1011","https://dp4vloz0pttrs.cloudfront.net/uploads/video/407881045d43d43e0f33ecf0215fb10b154e68af24681356ea5495897428a69d.mp4","False","video/mp4","1924970","1924970","ok","","{""cdn_url"":""https://dp4vloz0pttrs.cloudfront.net/uploads/video/407881045d43d43e0f33ecf0215fb10b154e68af24681356ea5495897428a69d.mp4"",""reused"":false,""content_type"":""video/mp4"",""size"":1924970}"
"POI_NT_1012.mp4","C:\Users\anhnn205\Documents\tool_crawl\backend\app\storage\downloads\videos\food_video\POI_NT_1012.mp4","POI_NT_1012","https://dp4vloz0pttrs.cloudfront.net/uploads/video/80825174affcd8e2ab880be48ed9e4effef073e4871eee635f8805af2f8416fa.mp4","False","video/mp4","1310640","1310640","ok","","{""cdn_url"":""https://dp4vloz0pttrs.cloudfront.net/uploads/video/80825174affcd8e2ab880be48ed9e4effef073e4871eee635f8805af2f8416fa.mp4"",""reused"":false,""content_type"":""video/mp4"",""size"":1310640}"
"POI_NT_1015.mp4","C:\Users\anhnn205\Documents\tool_crawl\backend\app\storage\downloads\videos\food_video\POI_NT_1015.mp4","POI_NT_1015","https://dp4vloz0pttrs.cloudfront.net/uploads/video/ba993a34c7c9d8527b0ef0e1e32bb8127d4c8cc11fa26a097c7254ef1c9bf547.mp4","False","video/mp4","11647915","11647915","ok","","{""cdn_url"":""https://dp4vloz0pttrs.cloudfront.net/uploads/video/ba993a34c7c9d8527b0ef0e1e32bb8127d4c8cc11fa26a097c7254ef1c9bf547.mp4"",""reused"":false,""content_type"":""video/mp4"",""size"":11647915}"
"POI_NT_1015_01.mp4","C:\Users\anhnn205\Documents\tool_crawl\backend\app\storage\downloads\videos\food_video\POI_NT_1015_01.mp4","POI_NT_1015","https://dp4vloz0pttrs.cloudfront.net/uploads/video/194530fdcc192e1b1e446f91b5b2e6e332fa3d1e3af74932f6ef87889b12ccde.mp4","False","video/mp4","11951859","11951859","ok","","{""cdn_url"":""https://dp4vloz0pttrs.cloudfront.net/uploads/video/194530fdcc192e1b1e446f91b5b2e6e332fa3d1e3af74932f6ef87889b12ccde.mp4"",""reused"":false,""content_type"":""video/mp4"",""size"":11951859}"
"POI_NT_1015_02.mp4","C:\Users\anhnn205\Documents\tool_crawl\backend\app\storage\downloads\videos\food_video\POI_NT_1015_02.mp4","POI_NT_1015","https://dp4vloz0pttrs.cloudfront.net/uploads/video/fc0c0d4e446ba770adf44be596993568c4e6c48ce53342c78cfc057426709b39.mp4","False","video/mp4","3973138","3973138","ok","","{""cdn_url"":""https://dp4vloz0pttrs.cloudfront.net/uploads/video/fc0c0d4e446ba770adf44be596993568c4e6c48ce53342c78cfc057426709b39.mp4"",""reused"":false,""content_type"":""video/mp4"",""size"":3973138}"
"POI_NT_1015_03.mp4","C:\Users\anhnn205\Documents\tool_crawl\backend\app\storage\downloads\videos\food_video\POI_NT_1015_03.mp4","POI_NT_1015","https://dp4vloz0pttrs.cloudfront.net/uploads/video/8b672fb5cb8571961316919301a2e2bc7c5c8f01c55d72956443c1b3201972b6.mp4","False","video/mp4","17368594","17368594","ok","","{""cdn_url"":""https://dp4vloz0pttrs.cloudfront.net/uploads/video/8b672fb5cb8571961316919301a2e2bc7c5c8f01c55d72956443c1b3201972b6.mp4"",""reused"":false,""content_type"":""video/mp4"",""size"":17368594}"
"POI_NT_1017.mp4","C:\Users\anhnn205\Documents\tool_crawl\backend\app\storage\downloads\videos\food_video\POI_NT_1017.mp4","POI_NT_1017","https://dp4vloz0pttrs.cloudfront.net/uploads/video/c846431d1f1e1b8baa3be4e3b3bd5a812648f3147d1144bb9696db36f25e49a5.mp4","False","video/mp4","5168248","5168248","ok","","{""cdn_url"":""https://dp4vloz0pttrs.cloudfront.net/uploads/video/c846431d1f1e1b8baa3be4e3b3bd5a812648f3147d1144bb9696db36f25e49a5.mp4"",""reused"":false,""content_type"":""video/mp4"",""size"":5168248}"
"POI_NT_1018.mp4","C:\Users\anhnn205\Documents\tool_crawl\backend\app\storage\downloads\videos\food_video\POI_NT_1018.mp4","POI_NT_1018","https://dp4vloz0pttrs.cloudfront.net/uploads/video/4a28c88b498cd0e2792b7747c499ed2016863086f85f8113ae123b9227adf8d2.mp4","False","video/mp4","19958509","19958509","ok","","{""cdn_url"":""https://dp4vloz0pttrs.cloudfront.net/uploads/video/4a28c88b498cd0e2792b7747c499ed2016863086f85f8113ae123b9227adf8d2.mp4"",""reused"":false,""content_type"":""video/mp4"",""size"":19958509}"
"POI_NT_1019.mp4","C:\Users\anhnn205\Documents\tool_crawl\backend\app\storage\downloads\videos\food_video\POI_NT_1019.mp4","POI_NT_1019","https://dp4vloz0pttrs.cloudfront.net/uploads/video/43a687616f03afc320368caf4f57fc24951769807ed14f32603ca6af1699e6ff.mp4","False","video/mp4","10210672","10210672","ok","","{""cdn_url"":""https://dp4vloz0pttrs.cloudfront.net/uploads/video/43a687616f03afc320368caf4f57fc24951769807ed14f32603ca6af1699e6ff.mp4"",""reused"":false,""content_type"":""video/mp4"",""size"":10210672}"
"POI_NT_1020.mp4","C:\Users\anhnn205\Documents\tool_crawl\backend\app\storage\downloads\videos\food_video\POI_NT_1020.mp4","POI_NT_1020","https://dp4vloz0pttrs.cloudfront.net/uploads/video/5d63d224018800b59c09a84489cf26da3dcd796604bf29659d38befbd799b032.mp4","False","video/mp4","15748158","15748158","ok","","{""cdn_url"":""https://dp4vloz0pttrs.cloudfront.net/uploads/video/5d63d224018800b59c09a84489cf26da3dcd796604bf29659d38befbd799b032.mp4"",""reused"":false,""content_type"":""video/mp4"",""size"":15748158}"
"POI_NT_1021.mp4","C:\Users\anhnn205\Documents\tool_crawl\backend\app\storage\downloads\videos\food_video\POI_NT_1021.mp4","POI_NT_1021","https://dp4vloz0pttrs.cloudfront.net/uploads/video/68683b98068f5cf5963baa000b147f2cd82e47f7194f90dac34b151773520cdd.mp4","False","video/mp4","12161368","12161368","ok","","{""cdn_url"":""https://dp4vloz0pttrs.cloudfront.net/uploads/video/68683b98068f5cf5963baa000b147f2cd82e47f7194f90dac34b151773520cdd.mp4"",""reused"":false,""content_type"":""video/mp4"",""size"":12161368}"
"POI_NT_1022.mp4","C:\Users\anhnn205\Documents\tool_crawl\backend\app\storage\downloads\videos\food_video\POI_NT_1022.mp4","POI_NT_1022","https://dp4vloz0pttrs.cloudfront.net/uploads/video/72d3650d8f8afa589fca34d081723b8d11faa67dd738522e93ff50a971d7bc85.mp4","False","video/mp4","5374139","5374139","ok","","{""cdn_url"":""https://dp4vloz0pttrs.cloudfront.net/uploads/video/72d3650d8f8afa589fca34d081723b8d11faa67dd738522e93ff50a971d7bc85.mp4"",""reused"":false,""content_type"":""video/mp4"",""size"":5374139}"
"POI_NT_1023.mp4","C:\Users\anhnn205\Documents\tool_crawl\backend\app\storage\downloads\videos\food_video\POI_NT_1023.mp4","POI_NT_1023","https://dp4vloz0pttrs.cloudfront.net/uploads/video/d6d1c7a083fa61c4472147b6b52e358401a7fc8637e14ae55406657a566ea178.mp4","False","video/mp4","3431320","3431320","ok","","{""cdn_url"":""https://dp4vloz0pttrs.cloudfront.net/uploads/video/d6d1c7a083fa61c4472147b6b52e358401a7fc8637e14ae55406657a566ea178.mp4"",""reused"":false,""content_type"":""video/mp4"",""size"":3431320}"
"POI_NT_1024.mp4","C:\Users\anhnn205\Documents\tool_crawl\backend\app\storage\downloads\videos\food_video\POI_NT_1024.mp4","POI_NT_1024","https://dp4vloz0pttrs.cloudfront.net/uploads/video/32d9278123ad041f4ae5c5b6a8ec43b4ce9ea4ada8a91632ab03197b6b67df20.mp4","False","video/mp4","1672643","1672643","ok","","{""cdn_url"":""https://dp4vloz0pttrs.cloudfront.net/uploads/video/32d9278123ad041f4ae5c5b6a8ec43b4ce9ea4ada8a91632ab03197b6b67df20.mp4"",""reused"":false,""content_type"":""video/mp4"",""size"":1672643}"
"POI_NT_1025.mp4","C:\Users\anhnn205\Documents\tool_crawl\backend\app\storage\downloads\videos\food_video\POI_NT_1025.mp4","POI_NT_1025","https://dp4vloz0pttrs.cloudfront.net/uploads/video/47e55268bed1ea1a8c654a24b7ccb8b9bf8737298dce0f28d9543347cd33fe79.mp4","False","video/mp4","14533330","14533330","ok","","{""cdn_url"":""https://dp4vloz0pttrs.cloudfront.net/uploads/video/47e55268bed1ea1a8c654a24b7ccb8b9bf8737298dce0f28d9543347cd33fe79.mp4"",""reused"":false,""content_type"":""video/mp4"",""size"":14533330}"
"POI_NT_1026.mp4","C:\Users\anhnn205\Documents\tool_crawl\backend\app\storage\downloads\videos\food_video\POI_NT_1026.mp4","POI_NT_1026","https://dp4vloz0pttrs.cloudfront.net/uploads/video/6ca1dde33eef34e20b600f8d880c1553160c1e3767fc5326299ef047e9c191e8.mp4","False","video/mp4","8239476","8239476","ok","","{""cdn_url"":""https://dp4vloz0pttrs.cloudfront.net/uploads/video/6ca1dde33eef34e20b600f8d880c1553160c1e3767fc5326299ef047e9c191e8.mp4"",""reused"":false,""content_type"":""video/mp4"",""size"":8239476}"
"POI_NT_1027.mp4","C:\Users\anhnn205\Documents\tool_crawl\backend\app\storage\downloads\videos\food_video\POI_NT_1027.mp4","POI_NT_1027","https://dp4vloz0pttrs.cloudfront.net/uploads/video/36c5d9d6ed2f87d4e0e4e0ea7f0bbd920d6d157a97f11383355b1f8d91045417.mp4","False","video/mp4","996567","996567","ok","","{""cdn_url"":""https://dp4vloz0pttrs.cloudfront.net/uploads/video/36c5d9d6ed2f87d4e0e4e0ea7f0bbd920d6d157a97f11383355b1f8d91045417.mp4"",""reused"":false,""content_type"":""video/mp4"",""size"":996567}"
"POI_NT_1028.mp4","C:\Users\anhnn205\Documents\tool_crawl\backend\app\storage\downloads\videos\food_video\POI_NT_1028.mp4","POI_NT_1028","https://dp4vloz0pttrs.cloudfront.net/uploads/video/6f8762570945748f65c2da0409fa70b4f1372333ca49dae750aa9fab2f1884a3.mp4","False","video/mp4","5908779","5908779","ok","","{""cdn_url"":""https://dp4vloz0pttrs.cloudfront.net/uploads/video/6f8762570945748f65c2da0409fa70b4f1372333ca49dae750aa9fab2f1884a3.mp4"",""reused"":false,""content_type"":""video/mp4"",""size"":5908779}"
"POI_NT_1029.mp4","C:\Users\anhnn205\Documents\tool_crawl\backend\app\storage\downloads\videos\food_video\POI_NT_1029.mp4","POI_NT_1029","https://dp4vloz0pttrs.cloudfront.net/uploads/video/b24c69cec46d75eb241e198df623e064b1933f9a973048c3d961bc0ec3c24099.mp4","False","video/mp4","6669185","6669185","ok","","{""cdn_url"":""https://dp4vloz0pttrs.cloudfront.net/uploads/video/b24c69cec46d75eb241e198df623e064b1933f9a973048c3d961bc0ec3c24099.mp4"",""reused"":false,""content_type"":""video/mp4"",""size"":6669185}"
"POI_NT_1030.mp4","C:\Users\anhnn205\Documents\tool_crawl\backend\app\storage\downloads\videos\food_video\POI_NT_1030.mp4","POI_NT_1030","https://dp4vloz0pttrs.cloudfront.net/uploads/video/f9019a208a83bb075166798906c8b9d1035abcba70ef8bea7881019629ba7079.mp4","False","video/mp4","13896998","13896998","ok","","{""cdn_url"":""https://dp4vloz0pttrs.cloudfront.net/uploads/video/f9019a208a83bb075166798906c8b9d1035abcba70ef8bea7881019629ba7079.mp4"",""reused"":false,""content_type"":""video/mp4"",""size"":13896998}"
"POI_NT_1034.mp4","C:\Users\anhnn205\Documents\tool_crawl\backend\app\storage\downloads\videos\food_video\POI_NT_1034.mp4","POI_NT_1034","https://dp4vloz0pttrs.cloudfront.net/uploads/video/13ab8ad450f9946f8373deec2bc2027296e64df4bf595de17547f429b3ce9aad.mp4","False","video/mp4","19570163","19570163","ok","","{""cdn_url"":""https://dp4vloz0pttrs.cloudfront.net/uploads/video/13ab8ad450f9946f8373deec2bc2027296e64df4bf595de17547f429b3ce9aad.mp4"",""reused"":false,""content_type"":""video/mp4"",""size"":19570163}"
"POI_NT_1034_01.mp4","C:\Users\anhnn205\Documents\tool_crawl\backend\app\storage\downloads\videos\food_video\POI_NT_1034_01.mp4","POI_NT_1034","https://dp4vloz0pttrs.cloudfront.net/uploads/video/36ec2ce3a550ba04effa7dbbb52978cd9680a2b9568e962326496c4fa7c03578.mp4","False","video/mp4","51830551","51830551","ok","","{""cdn_url"":""https://dp4vloz0pttrs.cloudfront.net/uploads/video/36ec2ce3a550ba04effa7dbbb52978cd9680a2b9568e962326496c4fa7c03578.mp4"",""reused"":false,""content_type"":""video/mp4"",""size"":51830551}"
"POI_NT_1034_02.mp4","C:\Users\anhnn205\Documents\tool_crawl\backend\app\storage\downloads\videos\food_video\POI_NT_1034_02.mp4","POI_NT_1034","https://dp4vloz0pttrs.cloudfront.net/uploads/video/8aa9ed349ecf0f1583fbe542c860e4ee3ac70e775d8dd23407afc8c2bd654ff7.mp4","False","video/mp4","11259806","11259806","ok","","{""cdn_url"":""https://dp4vloz0pttrs.cloudfront.net/uploads/video/8aa9ed349ecf0f1583fbe542c860e4ee3ac70e775d8dd23407afc8c2bd654ff7.mp4"",""reused"":false,""content_type"":""video/mp4"",""size"":11259806}"
"POI_NT_1035.mp4","C:\Users\anhnn205\Documents\tool_crawl\backend\app\storage\downloads\videos\food_video\POI_NT_1035.mp4","POI_NT_1035","https://dp4vloz0pttrs.cloudfront.net/uploads/video/f1518215deae58fd139ecbbf8c5d45171a8742f45342df69d3b0f8abbcec2cfa.mp4","False","video/mp4","3189803","3189803","ok","","{""cdn_url"":""https://dp4vloz0pttrs.cloudfront.net/uploads/video/f1518215deae58fd139ecbbf8c5d45171a8742f45342df69d3b0f8abbcec2cfa.mp4"",""reused"":false,""content_type"":""video/mp4"",""size"":3189803}"
"POI_NT_1036.mp4","C:\Users\anhnn205\Documents\tool_crawl\backend\app\storage\downloads\videos\food_video\POI_NT_1036.mp4","POI_NT_1036","https://dp4vloz0pttrs.cloudfront.net/uploads/video/349cc88343ebb5a60def8bcdd96ebf99606c7b8c80b8efd4ead0ab40b2911d8e.mp4","False","video/mp4","757675","757675","ok","","{""cdn_url"":""https://dp4vloz0pttrs.cloudfront.net/uploads/video/349cc88343ebb5a60def8bcdd96ebf99606c7b8c80b8efd4ead0ab40b2911d8e.mp4"",""reused"":false,""content_type"":""video/mp4"",""size"":757675}"
"POI_NT_1038.mp4","C:\Users\anhnn205\Documents\tool_crawl\backend\app\storage\downloads\videos\food_video\POI_NT_1038.mp4","POI_NT_1038","https://dp4vloz0pttrs.cloudfront.net/uploads/video/841efa4d5f1051e8fd9fbe2565db6800fa2e2dffab9c2075cad91f658afd1bd6.mp4","False","video/mp4","27283070","27283070","ok","","{""cdn_url"":""https://dp4vloz0pttrs.cloudfront.net/uploads/video/841efa4d5f1051e8fd9fbe2565db6800fa2e2dffab9c2075cad91f658afd1bd6.mp4"",""reused"":false,""content_type"":""video/mp4"",""size"":27283070}"
